Replicate;mean.fitness;mean.learning.rate;mean.learning.episodes;mean.best.fitness;performance;environmental.mean.location;lifespan;env_sd;env_change;change_rate;learning_prop_life;fitness_prop_life
0;339.7487613;0.666302607;5;379.1438018;0.896043064;-0.045391589;500;0.25;0.1;1;0.01;0.679497523
1;295.0225441;0.547973992;5;379.5584375;0.777231089;-0.063211739;500;0.25;0.1;1;0.01;0.590045088
2;339.0902288;0.658502775;5;379.4788988;0.893560535;0.067191969;500;0.25;0.1;1;0.01;0.678180458
3;335.0706858;0.680253927;5;379.1962662;0.883608637;0.021044381;500;0.25;0.1;1;0.01;0.670141372
4;335.9877202;0.583696596;5;379.1827767;0.886065232;0.105787528;500;0.25;0.1;1;0.01;0.67197544
5;333.7734041;0.528096411;5;379.2850717;0.879989171;0.00090421;500;0.25;0.1;1;0.01;0.667546808
6;337.1836785;0.614009806;5;378.9992107;0.889677417;0.006564984;500;0.25;0.1;1;0.01;0.674367357
7;278.9810153;0.520260014;5;379.3743386;0.735466695;-0.104597674;500;0.25;0.1;1;0.01;0.557962031
8;331.383211;0.643806526;5;379.2728598;0.87368843;0.06365369;500;0.25;0.1;1;0.01;0.662766422
9;328.348408;0.566912025;5;379.212313;0.865870253;-0.011398058;500;0.25;0.1;1;0.01;0.656696816
10;323.6714513;0.516388355;5;379.2471994;0.853439514;-0.037350505;500;0.25;0.1;1;0.01;0.647342903
11;338.555812;0.651860845;5;379.3551533;0.8924148;0.064902279;500;0.25;0.1;1;0.01;0.677111624
12;338.0796074;0.515423124;5;379.2278107;0.891551227;0.028851748;500;0.25;0.1;1;0.01;0.676159215
13;317.3665553;0.487095319;5;379.0825685;0.837172957;0.02399799;500;0.25;0.1;1;0.01;0.634733111
14;310.8680113;0.310602112;5;379.446785;0.819177583;0.0532087;500;0.25;0.1;1;0.01;0.621736023
15;331.8590175;0.650459551;5;379.1483763;0.875236173;-0.001675388;500;0.25;0.1;1;0.01;0.663718035
16;337.5777273;0.539216615;5;379.3251688;0.889945615;-0.004026371;500;0.25;0.1;1;0.01;0.675155455
17;301.5728626;0.669717446;5;379.3657386;0.794950574;-0.0317509;500;0.25;0.1;1;0.01;0.603145725
18;328.6125427;1.761653846;5;379.3297845;0.866320482;-0.030064004;500;0.25;0.1;1;0.01;0.657225085
19;337.1472062;0.607515506;5;379.276476;0.889005657;0.047985687;500;0.25;0.1;1;0.01;0.674294412
0;336.5903355;0.677499098;5;379.3868965;0.8871797;-0.036293055;500;0.25;0.25;1;0.01;0.673180671
1;335.1260685;0.509814524;5;379.4062589;0.883315811;0.012488261;500;0.25;0.25;1;0.01;0.670252137
2;335.1372704;0.464704193;5;379.2990944;0.883539076;-0.04236264;500;0.25;0.25;1;0.01;0.670274541
3;335.4370034;0.54754338;5;379.2435483;0.884562678;0.008294381;500;0.25;0.25;1;0.01;0.670874007
4;334.431984;0.567444149;5;379.3038229;0.881693322;-0.01276716;500;0.25;0.25;1;0.01;0.668863968
5;334.228102;0.578691249;5;379.1873235;0.88140397;0.039916492;500;0.25;0.25;1;0.01;0.668456204
6;334.1348918;0.611126658;5;379.1635658;0.881205539;0.023114984;500;0.25;0.25;1;0.01;0.668269784
7;341.180575;0.671142356;5;379.3085523;0.899444933;-0.016198138;500;0.25;0.25;1;0.01;0.68236115
8;314.3647393;0.475721034;5;379.3209404;0.828693987;0.011496811;500;0.25;0.25;1;0.01;0.628729479
9;331.9491751;0.603406482;5;379.2162184;0.875373824;-0.008648058;500;0.25;0.25;1;0.01;0.66389835
10;334.3799209;0.622947368;5;379.2238667;0.88178598;0.012106136;500;0.25;0.25;1;0.01;0.668759842
11;335.0183743;0.59838629;5;379.3458409;0.883130554;-0.017497721;500;0.25;0.25;1;0.01;0.670036749
12;331.2230656;0.652099128;5;379.2892258;0.873294;0.040898765;500;0.25;0.25;1;0.01;0.662446131
13;331.5347664;0.652178387;5;379.2838141;0.874084752;-0.02305201;500;0.25;0.25;1;0.01;0.663069533
14;334.8471105;0.628164122;5;379.3278667;0.882764753;-0.035183458;500;0.25;0.25;1;0.01;0.669694221
15;332.5369488;0.633940848;5;379.5381361;0.876145067;-0.017575388;500;0.25;0.25;1;0.01;0.665073898
16;333.0322159;0.480525146;5;379.3304932;0.877939502;0.00763967;500;0.25;0.25;1;0.01;0.666064432
17;333.5292774;0.588633746;5;379.2487794;0.87941853;-0.030351785;500;0.25;0.25;1;0.01;0.667058555
18;333.8373011;0.650857818;5;379.240595;0.880252726;-0.003620701;500;0.25;0.25;1;0.01;0.667674602
19;337.146166;0.642999858;5;379.2453934;0.88906013;0.03004216;500;0.25;0.25;1;0.01;0.674292332
0;337.3335077;0.708142076;5;379.1468734;0.889689144;-0.006187601;500;0.25;0.4;1;0.01;0.674667015
1;333.6989283;0.690896801;5;379.1673001;0.880084848;0.038189168;500;0.25;0.4;1;0.01;0.667397857
2;329.8328306;0.293320288;5;379.3499272;0.869448241;0.00808736;500;0.25;0.4;1;0.01;0.659665661
3;331.5559412;0.688352071;5;379.2988775;0.874153673;-0.031455619;500;0.25;0.4;1;0.01;0.663111882
4;332.5217791;0.664532736;5;379.2601318;0.8767499;0.01068284;500;0.25;0.4;1;0.01;0.665043558
5;295.1687441;0.605929387;5;379.3119853;0.778200367;-0.019077295;500;0.25;0.4;1;0.01;0.590337488
6;336.0894258;0.576606002;5;379.1027183;0.886527041;0.008664575;500;0.25;0.4;1;0.01;0.672178852
7;339.9314455;0.650399889;5;379.3795712;0.896010889;-0.010796282;500;0.25;0.4;1;0.01;0.679862891
8;335.642565;0.734660912;5;379.3367402;0.884781029;-0.019653189;500;0.25;0.4;1;0.01;0.67128513
9;334.3057513;0.578431376;5;379.0543937;0.881899061;-0.010898058;500;0.25;0.4;1;0.01;0.668611503
10;324.7941817;0.34007439;5;379.0301658;0.856858212;-0.007450505;500;0.25;0.4;1;0.01;0.649588363
11;335.5777144;0.618864135;5;379.4205845;0.884387882;-0.022895987;500;0.25;0.4;1;0.01;0.671155429
12;334.2821331;0.598097531;5;379.2185323;0.881514391;-0.004044649;500;0.25;0.4;1;0.01;0.668564266
13;334.1865671;0.643900182;5;379.3799945;0.880831393;-0.00610201;500;0.25;0.4;1;0.01;0.668373134
14;336.2746667;0.623026389;5;379.1635093;0.886877524;0.01540933;500;0.25;0.4;1;0.01;0.672549333
15;337.9933331;0.706202057;5;379.4960077;0.890635924;-0.005475388;500;0.25;0.4;1;0.01;0.675986666
16;333.6128066;0.579831846;5;379.252866;0.879766829;-0.002725851;500;0.25;0.4;1;0.01;0.667225613
17;334.1772616;0.608297374;5;379.3487376;0.880911858;0.025048215;500;0.25;0.4;1;0.01;0.668354523
18;332.1865483;0.66751948;5;379.3019034;0.875747247;-0.008170701;500;0.25;0.4;1;0.01;0.664373097
19;335.259308;0.622775231;5;379.1546333;0.884194024;-0.00290784;500;0.25;0.4;1;0.01;0.670518616
0;340.8802371;0.296404527;5;379.3745038;0.89853043;0.017833311;500;0.25;0.1;10;0.01;0.681760474
1;334.4096034;0.792198414;5;379.5321348;0.881076617;-0.03058315;500;0.25;0.1;10;0.01;0.668819207
2;332.7709042;0.442828497;5;379.1680757;0.877605172;0.172252943;500;0.25;0.1;10;0.01;0.665541808
3;338.8943912;2.614973812;5;379.4075235;0.893201498;-0.080292526;500;0.25;0.1;10;0.01;0.677788782
4;331.3117709;0.323583735;5;379.4854811;0.8730723;-0.051995515;500;0.25;0.1;10;0.01;0.662623542
5;318.4619421;0.597973301;5;379.6248437;0.838864481;0.286417596;500;0.25;0.1;10;0.01;0.636923884
6;316.9143434;0.224261655;5;379.3610795;0.835361567;-0.213532859;500;0.25;0.1;10;0.01;0.633828687
7;337.6299276;0.577911436;5;379.234455;0.890356813;0.07877411;500;0.25;0.1;10;0.01;0.675259855
8;338.9609928;0.889671723;5;379.4212516;0.893340901;-0.003231044;500;0.25;0.1;10;0.01;0.677921986
9;338.431588;0.151096061;5;379.104492;0.892680412;0.336876703;500;0.25;0.1;10;0.01;0.676863176
10;294.2812246;0.153932944;5;379.2658068;0.775815942;0.278977998;500;0.25;0.1;10;0.01;0.588562449
11;330.8828552;0.940966798;5;379.2472445;0.872429508;0.025807384;500;0.25;0.1;10;0.01;0.66176571
12;336.0444887;0.253887051;5;379.2761031;0.886013176;0.008099768;500;0.25;0.1;10;0.01;0.672088977
13;338.3485888;0.2886239;5;379.2560861;0.892120017;0.009352306;500;0.25;0.1;10;0.01;0.676697178
14;338.5408503;1.131122029;5;379.1394444;0.892912218;0.067165729;500;0.25;0.1;10;0.01;0.677081701
15;332.9379354;0.44138197;5;379.2573184;0.877858721;0.262391776;500;0.25;0.1;10;0.01;0.665875871
16;329.2401514;0.188997782;5;379.243412;0.868133414;0.060708097;500;0.25;0.1;10;0.01;0.658480303
17;346.149748;0.847039926;5;379.2540702;0.912708426;0.183589261;500;0.25;0.1;10;0.01;0.692299496
18;329.4574779;0.133779018;5;379.2463339;0.868675695;0.33779548;500;0.25;0.1;10;0.01;0.658914956
19;338.6493473;0.326364655;5;379.2207497;0.893012671;-0.110778816;500;0.25;0.1;10;0.01;0.677298695
0;300.0768406;1.44891559;5;379.4009846;0.790869841;0.036133311;500;0.25;0.25;10;0.01;0.600153681
1;290.3951199;0.037108805;5;379.3071661;0.765654975;0.06841685;500;0.25;0.25;10;0.01;0.58079024
2;330.9121624;0.502507986;5;379.520398;0.871872855;-0.017147057;500;0.25;0.25;10;0.01;0.661824325
3;298.0766198;0.375187252;5;378.9151086;0.786726427;0.205507474;500;0.25;0.25;10;0.01;0.59615324
4;300.3984663;0.4568852;5;379.3950463;0.791823051;0.026504485;500;0.25;0.25;10;0.01;0.600796933
5;337.5393122;0.502059212;5;379.5912701;0.889227703;-0.102332404;500;0.25;0.25;10;0.01;0.675078624
6;279.0977781;0.211169913;5;379.2871445;0.735791223;0.055117141;500;0.25;0.25;10;0.01;0.558195556
7;338.9499485;0.739539937;5;379.5071926;0.893162069;-0.02022589;500;0.25;0.25;10;0.01;0.677899897
8;308.9340198;0.411558357;5;379.3925085;0.814236403;0.079659203;500;0.25;0.25;10;0.01;0.61786804
9;335.2180674;0.580847901;5;379.3706058;0.883591806;0.108626703;500;0.25;0.25;10;0.01;0.670436135
10;290.4523218;0.643159256;5;379.2357972;0.765866442;0.057877998;500;0.25;0.25;10;0.01;0.580904644
11;296.8829176;0.751127202;5;379.2503124;0.782786129;0.057457384;500;0.25;0.25;10;0.01;0.593765835
12;308.8290736;0.721072088;5;379.4200922;0.813941814;-0.084400232;500;0.25;0.25;10;0.01;0.617658147
13;334.0149457;0.701828829;5;379.0809994;0.88110561;0.012452306;500;0.25;0.25;10;0.01;0.668029891
14;332.525243;0.473586024;5;379.3085694;0.876614916;-0.079984271;500;0.25;0.25;10;0.01;0.665050486
15;281.374183;0.151521587;5;379.1498622;0.742044967;0.076191776;500;0.25;0.25;10;0.01;0.562748366
16;298.4794095;0.235991943;5;379.4183;0.786731519;0.047958097;500;0.25;0.25;10;0.01;0.596958819
17;284.7633937;0.523608356;5;379.2240661;0.75092792;-0.021160739;500;0.25;0.25;10;0.01;0.569526787
18;331.6170085;0.875971809;5;379.1817465;0.874576011;-0.06045452;500;0.25;0.25;10;0.01;0.663234017
19;305.2534157;1.017742109;5;379.3717182;0.80461728;-0.065328816;500;0.25;0.25;10;0.01;0.610506831
0;303.7117428;0.413467932;5;379.4299862;0.800533197;-0.016566689;500;0.25;0.4;10;0.01;0.607423486
1;312.3649857;0.318530077;5;379.0893195;0.824103122;0.06841685;500;0.25;0.4;10;0.01;0.624729971
2;333.3229741;0.622295528;5;379.1883773;0.879064546;-0.004547057;500;0.25;0.4;10;0.01;0.666645948
3;299.1563355;0.337964911;5;379.1938825;0.788919103;0.010307474;500;0.25;0.4;10;0.01;0.598312671
4;326.6141135;0.335820217;5;379.2529813;0.861201836;0.084004485;500;0.25;0.4;10;0.01;0.653228227
5;264.554425;0.068191802;5;379.287636;0.697526174;0.048917596;500;0.25;0.4;10;0.01;0.52910885
6;331.1982811;0.620770486;5;379.2764604;0.873229609;0.042767141;500;0.25;0.4;10;0.01;0.662396562
7;338.1003665;0.603798591;5;379.3956476;0.891155617;-0.02122589;500;0.25;0.4;10;0.01;0.676200733
8;323.1083377;0.298087309;5;379.3600816;0.851729424;-0.018431044;500;0.25;0.4;10;0.01;0.646216675
9;338.0566522;0.655390417;5;379.2664684;0.891343794;-0.038623297;500;0.25;0.4;10;0.01;0.676113304
10;333.6971582;0.649360887;5;379.2807848;0.879807664;0.117777998;500;0.25;0.4;10;0.01;0.667394316
11;335.6255516;0.622826043;5;379.2560507;0.884941359;0.019107384;500;0.25;0.4;10;0.01;0.671251103
12;323.3735683;0.327927769;5;379.3155834;0.85248179;0.031099768;500;0.25;0.4;10;0.01;0.646747137
13;334.6679161;0.675743178;5;379.3699308;0.882112631;0.096552306;500;0.25;0.4;10;0.01;0.669335832
14;316.6212932;0.582950546;5;379.3264348;0.834704219;-0.055134271;500;0.25;0.4;10;0.01;0.633242586
15;332.7265741;0.578276546;5;379.3234809;0.877147087;0.078985659;500;0.25;0.4;10;0.01;0.665453148
16;336.8447227;0.652039511;5;379.200466;0.888248851;0.015208097;500;0.25;0.4;10;0.01;0.673689445
17;329.2428924;0.482406015;5;379.2959458;0.868020513;-0.044910739;500;0.25;0.4;10;0.01;0.658485785
18;332.0627984;0.768163842;5;379.1539179;0.8757461;-0.05870452;500;0.25;0.4;10;0.01;0.664125597
19;336.6666308;0.658069526;5;379.2964865;0.887644781;0.009121184;500;0.25;0.4;10;0.01;0.673333262
0;364.5262664;0.237047237;5;379.5200701;0.960485059;-0.238968744;500;0.25;0.1;100;0.01;0.729052533
1;367.2783593;0.233259588;5;379.3429003;0.968190646;-0.380749565;500;0.25;0.1;100;0.01;0.734556719
2;360.1676986;0.485763882;5;379.5556427;0.948898108;0.508619089;500;0.25;0.1;100;0.01;0.720335397
3;358.8756516;0.340572445;5;379.5668984;0.945462738;0.559548027;500;0.25;0.1;100;0.01;0.717751303
4;366.0176548;0.52977603;5;379.3177839;0.964925302;0.409998362;500;0.25;0.1;100;0.01;0.73203531
5;352.8053088;0.511842394;5;379.4612949;0.9297458;0.164405406;500;0.25;0.1;100;0.01;0.705610618
6;361.0206473;0.571700897;5;379.20617;0.952032715;-0.463990282;500;0.25;0.1;100;0.01;0.722041295
7;365.2358462;0.149316382;5;379.1969071;0.963187281;0.348329184;500;0.25;0.1;100;0.01;0.730471692
8;361.0796187;0.345680329;5;379.153932;0.952313909;0.234985189;500;0.25;0.1;100;0.01;0.722159237
9;369.3324228;0.391961195;5;379.1841519;0.974011278;0.221591039;500;0.25;0.1;100;0.01;0.738664846
10;365.4830636;0.097870976;5;379.3518655;0.9634285;0.293827678;500;0.25;0.1;100;0.01;0.730966127
11;347.4756624;0.536191492;5;379.2173221;0.916297389;-0.656393958;500;0.25;0.1;100;0.01;0.694951325
12;363.7059756;0.238592995;5;379.3004481;0.958875505;0.289918101;500;0.25;0.1;100;0.01;0.727411951
13;365.7819902;0.851058322;5;379.2819838;0.964398245;-0.245215432;500;0.25;0.1;100;0.01;0.73156398
14;359.6650825;0.13426752;5;379.2175268;0.948446753;-0.615911713;500;0.25;0.1;100;0.01;0.719330165
15;362.7205279;0.06971918;5;379.3011619;0.956261506;-0.394335554;500;0.25;0.1;100;0.01;0.725441056
16;267.2050677;0.060286651;5;379.1400825;0.704777604;-0.171413528;500;0.25;0.1;100;0.01;0.534410135
17;358.8785077;0.115603472;5;379.3479166;0.946019385;-0.008853282;500;0.25;0.1;100;0.01;0.717757015
18;364.1917195;0.515627812;5;379.2630849;0.960246577;0.327845195;500;0.25;0.1;100;0.01;0.728383439
19;363.1402123;1.351930137;5;379.283509;0.95742914;0.644505612;500;0.25;0.1;100;0.01;0.726280425
0;353.9447749;0.151178023;5;379.3538632;0.933021509;0.281031256;500;0.25;0.25;100;0.01;0.70788955
1;330.6424911;0.251631172;5;379.3209669;0.871573797;0.315250435;500;0.25;0.25;100;0.01;0.661284982
2;346.4106803;3.268284127;5;379.3626504;0.913166554;-0.131830911;500;0.25;0.25;100;0.01;0.692821361
3;351.489274;0.0892678;5;379.3123733;0.926648506;0.254398027;500;0.25;0.25;100;0.01;0.702978548
4;312.0973187;0.284193226;5;379.3224404;0.822793467;0.189848362;500;0.25;0.25;100;0.01;0.624194637
5;344.1697135;0.158757289;5;379.3694792;0.907211958;-0.060342393;500;0.25;0.25;100;0.01;0.688339427
6;331.8136792;0.339842012;5;379.0892219;0.875291833;-0.488440282;500;0.25;0.25;100;0.01;0.663627358
7;353.5772854;0.376870092;5;379.1997444;0.932432919;0.063629184;500;0.25;0.25;100;0.01;0.707154571
8;338.9704754;2.345199518;5;379.3174603;0.893677101;-0.213714811;500;0.25;0.25;100;0.01;0.677940951
9;355.2777369;0.413299631;5;379.2854385;0.936701133;0.226741039;500;0.25;0.25;100;0.01;0.710555474
10;351.9556556;0.146889742;5;378.9633062;0.928720845;-0.336022322;500;0.25;0.25;100;0.01;0.703911311
11;351.8238078;0.312847136;5;379.6335983;0.926765669;-0.206243958;500;0.25;0.25;100;0.01;0.703647616
12;315.1115789;0.211520235;5;379.4627658;0.8304283;0.249218101;500;0.25;0.25;100;0.01;0.630223158
13;339.5720021;0.083835058;5;379.2857532;0.895289267;0.005884568;500;0.25;0.25;100;0.01;0.679144004
14;353.6680279;0.307963379;5;379.5400399;0.931816951;0.084088287;500;0.25;0.25;100;0.01;0.707336056
15;324.9443049;0.123845468;5;379.3412323;0.856568515;0.174964446;500;0.25;0.25;100;0.01;0.64988861
16;347.0927379;0.435082092;5;379.0879092;0.915522528;-0.220963528;500;0.25;0.25;100;0.01;0.694185476
17;307.4442969;1.775840659;5;379.2525735;0.810640904;0.181146718;500;0.25;0.25;100;0.01;0.614888594
18;349.3037653;0.056811578;5;379.4482362;0.92056668;-0.107004805;500;0.25;0.25;100;0.01;0.698607531
19;346.2552374;0.336826242;5;379.1455326;0.913250278;-0.445494388;500;0.25;0.25;100;0.01;0.692510475
0;332.3548137;0.966349876;5;379.1457308;0.876612873;0.201031256;500;0.25;0.4;100;0.01;0.664709627
1;339.0424165;0.078957909;5;379.345431;0.893743138;-0.090749565;500;0.25;0.4;100;0.01;0.678084833
2;336.3222697;3.129695649;5;379.2564313;0.886765894;0.127719089;500;0.25;0.4;100;0.01;0.672644539
3;340.0051199;0.151450286;5;379.35309;0.896265861;-0.049751973;500;0.25;0.4;100;0.01;0.68001024
4;286.9602316;0.842584299;5;379.2941237;0.756643701;-0.129301638;500;0.25;0.4;100;0.01;0.573920463
5;332.7597696;0.793545;5;379.1757174;0.877616143;-0.185094594;500;0.25;0.4;100;0.01;0.665519539
6;336.0225771;0.107269857;5;379.2094303;0.88610217;-0.013890282;500;0.25;0.4;100;0.01;0.672045154
7;335.7956803;0.133845011;5;379.1303228;0.885763348;-0.221070816;500;0.25;0.4;100;0.01;0.671591361
8;317.5762131;0.237717972;5;379.3129866;0.837095566;-0.164414811;500;0.25;0.4;100;0.01;0.635152426
9;343.4936883;0.480406273;5;379.0469324;0.9061613;-0.068108961;500;0.25;0.4;100;0.01;0.686987377
10;343.1054833;0.200849933;5;379.437821;0.904225059;-0.066872322;500;0.25;0.4;100;0.01;0.686210967
11;338.3438951;0.004307708;5;379.409839;0.891712689;0.143906042;500;0.25;0.4;100;0.01;0.67668779
12;318.25212;0.196229269;5;379.2729944;0.839089162;0.009518101;500;0.25;0.4;100;0.01;0.63650424
13;334.0053258;0.263420726;5;379.3107085;0.880544542;-0.045015432;500;0.25;0.4;100;0.01;0.668010652
14;333.7893702;3.981911008;5;379.133514;0.880372412;0.085088287;500;0.25;0.4;100;0.01;0.66757874
15;338.293914;1.584280993;5;379.4385993;0.891568193;-0.154735554;500;0.25;0.4;100;0.01;0.676587828
16;333.2240513;0.378410745;5;379.2679964;0.878545258;-0.170513528;500;0.25;0.4;100;0.01;0.666448103
17;329.0677008;0.123221109;5;379.2761985;0.867604235;-0.028853282;500;0.25;0.4;100;0.01;0.658135402
18;320.6503046;3.037225441;5;379.3908447;0.845077446;0.157145195;500;0.25;0.4;100;0.01;0.641300609
19;341.1793242;0.176882721;5;379.1394437;0.899902454;-0.035494388;500;0.25;0.4;100;0.01;0.682358648
0;350.9641214;0.526048656;10;375.2999922;0.935179693;-0.045391589;500;0.25;0.1;1;0.02;0.701928243
1;352.0996509;0.565078354;10;375.724141;0.937114514;-0.063211739;500;0.25;0.1;1;0.02;0.704199302
2;347.7734973;0.698735751;10;375.6661783;0.925781463;0.067191969;500;0.25;0.1;1;0.02;0.695546995
3;347.234426;0.599610399;10;375.3449734;0.92510945;0.021044381;500;0.25;0.1;1;0.02;0.694468852
4;350.5709062;0.620817638;10;375.3590206;0.933954479;0.105787528;500;0.25;0.1;1;0.02;0.701141812
5;341.5957121;0.519989294;10;375.4649531;0.909794303;0.00090421;500;0.25;0.1;1;0.02;0.683191424
6;352.1698132;0.63783321;10;375.1909932;0.938616108;0.006564984;500;0.25;0.1;1;0.02;0.704339626
7;350.41257;0.586919104;10;375.527414;0.93313059;-0.104597674;500;0.25;0.1;1;0.02;0.70082514
8;349.9818669;0.50970116;10;375.4589933;0.932120912;0.06365369;500;0.25;0.1;1;0.02;0.699963734
9;350.0615108;0.522779893;10;375.3623178;0.932606894;-0.011398058;500;0.25;0.1;1;0.02;0.700123022
10;345.7372649;0.62083712;10;375.4293144;0.920948727;-0.037350505;500;0.25;0.1;1;0.02;0.69147453
11;325.7036042;0.366991495;10;375.5253158;0.867328449;0.064902279;500;0.25;0.1;1;0.02;0.651407208
12;350.9085141;0.596747031;10;375.3919719;0.934795115;0.028851748;500;0.25;0.1;1;0.02;0.701817028
13;351.2238755;0.568484276;10;375.2361155;0.936013824;0.02399799;500;0.25;0.1;1;0.02;0.702447751
14;336.2142141;0.295553023;10;375.6209306;0.895087644;0.0532087;500;0.25;0.1;1;0.02;0.672428428
15;349.4698011;0.561153737;10;375.2948131;0.931161071;-0.001675388;500;0.25;0.1;1;0.02;0.698939602
16;349.9115431;0.475374127;10;375.4946052;0.931864334;-0.004026371;500;0.25;0.1;1;0.02;0.699823086
17;354.2318135;0.674845698;10;375.5311827;0.943285288;-0.0317509;500;0.25;0.1;1;0.02;0.708463627
18;353.2400211;0.59759502;10;375.4929416;0.940711979;-0.030064004;500;0.25;0.1;1;0.02;0.706480042
19;353.5705374;0.634610893;10;375.427506;0.941798706;0.047985687;500;0.25;0.1;1;0.02;0.707141075
0;352.3663118;0.629040831;10;375.5475758;0.938257556;-0.036293055;500;0.25;0.25;1;0.02;0.704732624
1;353.1530415;0.625494985;10;375.5734501;0.940303418;0.012488261;500;0.25;0.25;1;0.02;0.706306083
2;347.5284931;0.53487016;10;375.4778893;0.925549878;-0.04236264;500;0.25;0.25;1;0.02;0.695056986
3;350.3133497;0.547396945;10;375.3951212;0.933169781;0.008294381;500;0.25;0.25;1;0.02;0.700626699
4;344.6037403;0.362125788;10;375.4642232;0.917780344;-0.01276716;500;0.25;0.25;1;0.02;0.689207481
5;350.9563355;0.630300393;10;375.357216;0.93497927;0.039916492;500;0.25;0.25;1;0.02;0.701912671
6;334.6138522;0.437814217;10;375.3515301;0.89141663;0.023114984;500;0.25;0.25;1;0.02;0.669227704
7;334.9094273;0.573680511;10;375.4739563;0.891982477;-0.016198138;500;0.25;0.25;1;0.02;0.669818855
8;353.0350407;0.638034169;10;375.486656;0.940199307;0.011496811;500;0.25;0.25;1;0.02;0.706070081
9;350.2671947;0.612293102;10;375.3743045;0.93311124;-0.008648058;500;0.25;0.25;1;0.02;0.700534389
10;349.7719809;0.638387126;10;375.3780245;0.931786238;0.012106136;500;0.25;0.25;1;0.02;0.699543962
11;349.2187147;0.503787224;10;375.5245632;0.929914128;-0.017497721;500;0.25;0.25;1;0.02;0.698437429
12;352.04311;0.575834268;10;375.4541508;0.937611576;0.040898765;500;0.25;0.25;1;0.02;0.70408622
13;349.5221603;0.517505872;10;375.4621297;0.93089949;-0.02305201;500;0.25;0.25;1;0.02;0.699044321
14;351.3153547;0.583508756;10;375.4886624;0.935649569;-0.035183458;500;0.25;0.25;1;0.02;0.702630709
15;352.6752007;0.683918815;10;375.6950635;0.93872634;-0.017575388;500;0.25;0.25;1;0.02;0.705350401
16;350.039266;0.614453264;10;375.4988638;0.932189082;0.00763967;500;0.25;0.25;1;0.02;0.700078532
17;347.300815;0.537851508;10;375.4214677;0.925093225;-0.030351785;500;0.25;0.25;1;0.02;0.69460163
18;350.2869877;0.661493435;10;375.4116445;0.933062806;-0.003620701;500;0.25;0.25;1;0.02;0.700573975
19;347.6081405;0.531359994;10;375.4099835;0.92593088;0.03004216;500;0.25;0.25;1;0.02;0.695216281
0;354.3879867;0.624332792;10;375.3107554;0.944240018;-0.006187601;500;0.25;0.4;1;0.02;0.708775973
1;351.2246742;0.562577756;10;375.3816119;0.93563537;0.038189168;500;0.25;0.4;1;0.02;0.702449348
2;348.5976309;0.585293713;10;375.522618;0.928309536;0.00808736;500;0.25;0.4;1;0.02;0.697195262
3;351.7267546;0.529286448;10;375.4486289;0.936815873;-0.031455619;500;0.25;0.4;1;0.02;0.703453509
4;350.7409527;0.577179766;10;375.4292102;0.934237406;0.01068284;500;0.25;0.4;1;0.02;0.701481905
5;342.3943002;0.375431968;10;375.4970944;0.911814235;-0.019077295;500;0.25;0.4;1;0.02;0.6847886
6;349.4249463;0.696459507;10;375.2746668;0.93110213;0.008664575;500;0.25;0.4;1;0.02;0.698849893
7;351.9539817;0.587333962;10;375.5541389;0.937158903;-0.010796282;500;0.25;0.4;1;0.02;0.703907963
8;347.0519786;0.569577986;10;375.4767396;0.924307394;-0.019653189;500;0.25;0.4;1;0.02;0.694103957
9;348.5967865;0.626581079;10;375.2223463;0.929031708;-0.010898058;500;0.25;0.4;1;0.02;0.697193573
10;347.0853703;0.561505072;10;375.181364;0.925067303;-0.007450505;500;0.25;0.4;1;0.02;0.694170741
11;349.0680007;0.488670488;10;375.6078445;0.929321811;-0.022895987;500;0.25;0.4;1;0.02;0.698136001
12;351.6418462;0.554612945;10;375.3939425;0.93671619;-0.004044649;500;0.25;0.4;1;0.02;0.703283692
13;351.3913966;0.495150458;10;375.581924;0.935583949;-0.00610201;500;0.25;0.4;1;0.02;0.702782793
14;350.8500697;0.631084929;10;375.332585;0.934779159;0.01540933;500;0.25;0.4;1;0.02;0.701700139
15;349.1325312;0.602364524;10;375.6472204;0.929377542;-0.005475388;500;0.25;0.4;1;0.02;0.698265062
16;343.8444152;0.38137438;10;375.4121031;0.91593306;-0.002725851;500;0.25;0.4;1;0.02;0.68768883
17;351.6429124;0.626476686;10;375.517295;0.936394672;0.025048215;500;0.25;0.4;1;0.02;0.703285825
18;355.4993266;0.596107066;10;375.4580022;0.946783438;-0.008170701;500;0.25;0.4;1;0.02;0.710998653
19;351.3099905;0.564776019;10;375.3140642;0.936022921;-0.00290784;500;0.25;0.4;1;0.02;0.702619981
0;351.78099;0.862866748;10;375.5293594;0.936764497;0.017833311;500;0.25;0.1;10;0.02;0.70356198
1;337.3978835;0.448040125;10;375.6695801;0.898084655;-0.03058315;500;0.25;0.1;10;0.02;0.674795767
2;334.8432061;0.443871313;10;375.3372437;0.89212233;0.172252943;500;0.25;0.1;10;0.02;0.669686412
3;340.1341311;0.968824948;10;375.5488666;0.905666135;-0.080292526;500;0.25;0.1;10;0.02;0.680268262
4;329.7404689;0.242494489;10;375.6512513;0.8777917;-0.051995515;500;0.25;0.1;10;0.02;0.659480938
5;336.501025;0.664583109;10;375.7982434;0.895429228;0.286417596;500;0.25;0.1;10;0.02;0.67300205
6;304.1594743;0.262618046;10;375.5179632;0.80997999;-0.213532859;500;0.25;0.1;10;0.02;0.608318949
7;342.5484166;0.252579362;10;375.4247716;0.912475344;0.07877411;500;0.25;0.1;10;0.02;0.685096833
8;354.7918203;0.562374273;10;375.5807196;0.94463009;-0.003231044;500;0.25;0.1;10;0.02;0.709583641
9;326.8756955;0.282856002;10;375.2875355;0.870933948;0.336876703;500;0.25;0.1;10;0.02;0.653751391
10;265.3037701;1.576015728;10;375.4310067;0.706654304;0.278977998;500;0.25;0.1;10;0.02;0.53060754
11;254.1557215;0.238390285;10;375.3900587;0.677023956;0.025807384;500;0.25;0.1;10;0.02;0.508311443
12;308.435827;0.769196745;10;375.4317338;0.821605272;0.008099768;500;0.25;0.1;10;0.02;0.616871654
13;334.7980898;0.472808067;10;375.4208707;0.891748167;0.009352306;500;0.25;0.1;10;0.02;0.66959618
14;335.2705177;0.530931757;10;375.3261247;0.893281105;0.067165729;500;0.25;0.1;10;0.02;0.670541035
15;335.1153026;0.705918262;10;375.423948;0.892608301;0.262391776;500;0.25;0.1;10;0.02;0.670230605
16;332.0014066;0.291284959;10;375.406757;0.884367958;0.060708097;500;0.25;0.1;10;0.02;0.664002813
17;343.1570987;0.370551266;10;375.4212171;0.914021446;0.183589261;500;0.25;0.1;10;0.02;0.686314197
18;344.7410118;0.726903057;10;375.423124;0.918261276;0.33779548;500;0.25;0.1;10;0.02;0.689482024
19;337.330665;0.001132185;10;375.3812095;0.898620569;-0.110778816;500;0.25;0.1;10;0.02;0.67466133
0;349.5451607;0.591372152;10;375.5676188;0.930708373;0.036133311;500;0.25;0.25;10;0.02;0.699090321
1;349.8282968;0.573639934;10;375.4762641;0.931725808;0.06841685;500;0.25;0.25;10;0.02;0.699656594
2;335.4443815;0.552662389;10;375.6844674;0.892890218;-0.017147057;500;0.25;0.25;10;0.02;0.670888763
3;352.2073671;0.605088766;10;375.0804687;0.939016404;0.205507474;500;0.25;0.25;10;0.02;0.704414734
4;349.8302655;0.706534376;10;375.5667741;0.931477954;0.026504485;500;0.25;0.25;10;0.02;0.699660531
5;352.3757886;0.581972015;10;375.7658507;0.937737837;-0.102332404;500;0.25;0.25;10;0.02;0.704751577
6;331.6719293;0.429548655;10;375.4678347;0.883388453;0.055117141;500;0.25;0.25;10;0.02;0.663343859
7;311.4433993;0.480039496;10;375.6665735;0.828958387;-0.02022589;500;0.25;0.25;10;0.02;0.622886799
8;297.9079458;0.23166633;10;375.5362177;0.793279677;0.079659203;500;0.25;0.25;10;0.02;0.595815892
9;353.1285911;0.612164763;10;375.5239747;0.940358565;0.108626703;500;0.25;0.25;10;0.02;0.706257182
10;350.8120495;0.61842223;10;375.4154684;0.934465837;0.057877998;500;0.25;0.25;10;0.02;0.701624099
11;349.6436176;0.559578415;10;375.4147017;0.931342933;0.057457384;500;0.25;0.25;10;0.02;0.699287235
12;347.9084385;0.340056185;10;375.5869324;0.926291348;-0.084400232;500;0.25;0.25;10;0.02;0.695816877
13;350.7901144;0.544224361;10;375.258883;0.934805138;0.012452306;500;0.25;0.25;10;0.02;0.701580229
14;352.3203093;0.685501053;10;375.4675769;0.938338737;-0.079984271;500;0.25;0.25;10;0.02;0.704640619
15;335.8117813;0.506436779;10;375.3148538;0.894731422;0.076191776;500;0.25;0.25;10;0.02;0.671623563
16;345.8106686;0.577991792;10;375.5751809;0.920722112;0.047958097;500;0.25;0.25;10;0.02;0.691621337
17;349.279362;0.532362079;10;375.3998879;0.930421476;-0.021160739;500;0.25;0.25;10;0.02;0.698558724
18;341.6808772;0.745096231;10;375.3488897;0.910327516;-0.06045452;500;0.25;0.25;10;0.02;0.683361754
19;349.0272024;0.605044154;10;375.5355758;0.929401699;-0.065328816;500;0.25;0.25;10;0.02;0.698054405
0;347.8215291;0.541002724;10;375.6080536;0.926055532;-0.016566689;500;0.25;0.4;10;0.02;0.695643058
1;351.2356797;0.627554159;10;375.2620076;0.935958267;0.06841685;500;0.25;0.4;10;0.02;0.702471359
2;351.0591118;0.57386952;10;375.3642369;0.935245511;-0.004547057;500;0.25;0.4;10;0.02;0.702118224
3;347.1299209;0.466279863;10;375.3448599;0.924800164;0.010307474;500;0.25;0.4;10;0.02;0.694259842
4;349.7198217;0.607809963;10;375.3904244;0.931607508;0.084004485;500;0.25;0.4;10;0.02;0.699439643
5;352.0939826;0.732235577;10;375.4544623;0.937768371;0.048917596;500;0.25;0.4;10;0.02;0.704187965
6;352.7293074;0.653120833;10;375.4388229;0.939567731;0.042767141;500;0.25;0.4;10;0.02;0.705458615
7;350.054708;0.554661761;10;375.5630986;0.932061639;-0.02122589;500;0.25;0.4;10;0.02;0.700109416
8;349.0079486;0.587715979;10;375.5109687;0.929415329;-0.018431044;500;0.25;0.4;10;0.02;0.698015897
9;351.6086204;0.551287675;10;375.4447983;0.936513706;-0.038623297;500;0.25;0.4;10;0.02;0.703217241
10;352.2385582;0.591951205;10;375.4362742;0.938173196;0.117777998;500;0.25;0.4;10;0.02;0.704477116
11;351.8849665;0.536632611;10;375.4565791;0.937205955;0.019107384;500;0.25;0.4;10;0.02;0.703769933
12;351.1575554;0.599534339;10;375.4621698;0.935246292;0.031099768;500;0.25;0.4;10;0.02;0.702315111
13;348.948902;0.631724109;10;375.5403517;0.929167204;0.096552306;500;0.25;0.4;10;0.02;0.697897804
14;351.1459104;0.575540002;10;375.4764951;0.935195427;-0.055134271;500;0.25;0.4;10;0.02;0.702291821
15;350.5820369;0.569323458;10;375.4908244;0.933662165;0.078985659;500;0.25;0.4;10;0.02;0.701164074
16;350.0519864;0.589345301;10;375.3397052;0.932596897;0.015208097;500;0.25;0.4;10;0.02;0.700103973
17;343.0262834;0.37571675;10;375.4525481;0.913612409;-0.044910739;500;0.25;0.4;10;0.02;0.686052567
18;350.7485118;0.585301361;10;375.3178263;0.934518161;-0.05870452;500;0.25;0.4;10;0.02;0.701497024
19;351.6839268;0.541993218;10;375.4562525;0.936661162;0.009121184;500;0.25;0.4;10;0.02;0.703367854
0;361.801009;0.325479469;10;375.6787176;0.96304856;-0.238968744;500;0.25;0.1;100;0.02;0.723602018
1;363.7861684;0.2467544;10;375.479867;0.968849055;-0.380749565;500;0.25;0.1;100;0.02;0.727572337
2;358.6553086;0.1504327;10;375.7031594;0.954607378;0.508619089;500;0.25;0.1;100;0.02;0.717310617
3;360.5423538;0.168286405;10;375.7505403;0.959512905;0.559548027;500;0.25;0.1;100;0.02;0.721084708
4;363.8501726;0.367373466;10;375.4709454;0.969039969;0.409998362;500;0.25;0.1;100;0.02;0.727700345
5;352.9787831;0.226847348;10;375.593714;0.939787769;0.164405406;500;0.25;0.1;100;0.02;0.705957566
6;361.9356203;0.576596165;10;375.3610571;0.964230496;-0.463990282;500;0.25;0.1;100;0.02;0.723871241
7;357.7154981;0.477675326;10;375.3664466;0.952978517;0.348329184;500;0.25;0.1;100;0.02;0.715430996
8;290.4133871;0.06894494;10;375.3196482;0.773751857;0.234985189;500;0.25;0.1;100;0.02;0.580826774
9;366.3934578;1.148667567;10;375.3572959;0.976115572;0.221591039;500;0.25;0.1;100;0.02;0.732786916
10;359.8215401;0.961863827;10;375.5327312;0.958159265;0.293827678;500;0.25;0.1;100;0.02;0.71964308
11;336.1244727;0.180199403;10;375.3866289;0.895380631;-0.656393958;500;0.25;0.1;100;0.02;0.672248945
12;357.7039083;0.202728989;10;375.4567742;0.952702155;0.289918101;500;0.25;0.1;100;0.02;0.715407817
13;352.3135517;0.11695781;10;375.4500587;0.93834731;-0.245215432;500;0.25;0.1;100;0.02;0.704627103
14;357.1347214;0.156243047;10;375.3982838;0.951368441;-0.615911713;500;0.25;0.1;100;0.02;0.714269443
15;360.6917136;0.852183508;10;375.4698983;0.960626008;-0.394335554;500;0.25;0.1;100;0.02;0.721383427
16;262.6624645;0.253713098;10;375.3339335;0.699785393;-0.171413528;500;0.25;0.1;100;0.02;0.525324929
17;362.8996942;0.422749035;10;375.5241873;0.966370317;-0.008853282;500;0.25;0.1;100;0.02;0.725799388
18;359.4144802;0.663025716;10;375.4205672;0.957350465;0.327845195;500;0.25;0.1;100;0.02;0.71882896
19;361.2709637;0.100279972;10;375.4545086;0.962205017;0.644505612;500;0.25;0.1;100;0.02;0.722541927
0;347.3549607;0.272323062;10;375.5146934;0.925011728;0.281031256;500;0.25;0.25;100;0.02;0.694709921
1;348.3622953;0.364375794;10;375.4965335;0.927753693;0.315250435;500;0.25;0.25;100;0.02;0.696724591
2;343.7804586;0.567044114;10;375.5218921;0.915492003;-0.131830911;500;0.25;0.25;100;0.02;0.687560917
3;345.1222417;0.659104415;10;375.4883274;0.919103925;0.254398027;500;0.25;0.25;100;0.02;0.690244483
4;344.8098935;0.487613951;10;375.4790627;0.918295097;0.189848362;500;0.25;0.25;100;0.02;0.689619787
5;326.0172255;0.516641781;10;375.5479358;0.86813691;-0.060342393;500;0.25;0.25;100;0.02;0.652034451
6;342.31472;0.250995082;10;375.2474238;0.912260562;-0.488440282;500;0.25;0.25;100;0.02;0.68462944
7;346.4635689;0.2564075;10;375.3812757;0.922971755;0.063629184;500;0.25;0.25;100;0.02;0.692927138
8;344.8149761;0.344065661;10;375.4875509;0.918339643;-0.213714811;500;0.25;0.25;100;0.02;0.689629952
9;350.7528305;2.025006368;10;375.4370404;0.93425749;0.226741039;500;0.25;0.25;100;0.02;0.701505661
10;347.6601369;0.087538409;10;375.1313852;0.926756952;-0.336022322;500;0.25;0.25;100;0.02;0.695320274
11;348.2082732;0.367249567;10;375.7902692;0.926622601;-0.206243958;500;0.25;0.25;100;0.02;0.696416546
12;338.2101837;0.677289174;10;375.6154734;0.900421341;0.249218101;500;0.25;0.25;100;0.02;0.676420367
13;298.8327674;0.454135905;10;375.4626002;0.795956575;0.005884568;500;0.25;0.25;100;0.02;0.597665535
14;351.1512864;0.888653521;10;375.7132381;0.934618728;0.084088287;500;0.25;0.25;100;0.02;0.702302573
15;332.4409516;0.222068699;10;375.5298903;0.885251418;0.174964446;500;0.25;0.25;100;0.02;0.664881903
16;316.8595746;0.096724429;10;375.2559218;0.844309541;-0.220963528;500;0.25;0.25;100;0.02;0.633719149
17;343.3456926;0.381823808;10;375.4112859;0.9145579;0.181146718;500;0.25;0.25;100;0.02;0.686691385
18;352.5935929;0.335376351;10;375.619361;0.938713726;-0.107004805;500;0.25;0.25;100;0.02;0.705187186
19;336.085179;0.222946256;10;375.3171388;0.895502594;-0.445494388;500;0.25;0.25;100;0.02;0.672170358
0;334.2087345;0.235953773;10;375.3125564;0.890526321;0.201031256;500;0.25;0.4;100;0.02;0.668417469
1;341.3132868;0.691794284;10;375.5052336;0.908936594;-0.090749565;500;0.25;0.4;100;0.02;0.682626574
2;327.7711512;0.578618907;10;375.4167843;0.873069067;0.127719089;500;0.25;0.4;100;0.02;0.655542302
3;329.9744727;0.336972779;10;375.522697;0.878669078;-0.049751973;500;0.25;0.4;100;0.02;0.659948945
4;337.3385004;0.494333706;10;375.4565032;0.898469277;-0.129301638;500;0.25;0.4;100;0.02;0.674677001
5;349.6613241;0.61738608;10;375.3333786;0.931584083;-0.185094594;500;0.25;0.4;100;0.02;0.699322648
6;332.1978136;1.030930083;10;375.4003368;0.884890639;-0.013890282;500;0.25;0.4;100;0.02;0.664395627
7;335.69165;1.457869167;10;375.2786977;0.894580735;-0.221070816;500;0.25;0.4;100;0.02;0.6713833
8;314.4207471;0.570388836;10;375.4840975;0.83718745;-0.164414811;500;0.25;0.4;100;0.02;0.628841494
9;346.9227259;0.509181281;10;375.2089473;0.9245841;-0.068108961;500;0.25;0.4;100;0.02;0.693845452
10;327.0151055;0.504527692;10;375.6169234;0.87059318;-0.066872322;500;0.25;0.4;100;0.02;0.654030211
11;325.8839823;0.44760035;10;375.5829894;0.867555856;0.143906042;500;0.25;0.4;100;0.02;0.651767965
12;333.3515793;0.90766457;10;375.4621827;0.887876347;0.009518101;500;0.25;0.4;100;0.02;0.666703159
13;306.5992585;0.155025338;10;375.4781427;0.816574584;-0.045015432;500;0.25;0.4;100;0.02;0.613198517
14;269.3544962;1.661237451;10;375.3064657;0.717685499;0.085088287;500;0.25;0.4;100;0.02;0.538708992
15;325.5704902;1.58566148;10;375.6064815;0.866705279;-0.154735554;500;0.25;0.4;100;0.02;0.65114098
16;290.7424929;0.813899994;10;375.4415102;0.774359627;-0.170513528;500;0.25;0.4;100;0.02;0.581484986
17;325.7109844;0.971596604;10;375.4243937;0.867555066;-0.028853282;500;0.25;0.4;100;0.02;0.651421969
18;339.8532875;0.555214739;10;375.5602212;0.904851919;0.157145195;500;0.25;0.4;100;0.02;0.679706575
19;344.1719504;0.649882744;10;375.3149899;0.91704902;-0.035494388;500;0.25;0.4;100;0.02;0.688343901
0;351.0573792;0.574376737;20;367.6312875;0.954925636;-0.045391589;500;0.25;0.1;1;0.04;0.702114758
1;350.9130072;0.602170498;20;368.0780728;0.953377962;-0.063211739;500;0.25;0.1;1;0.04;0.701826014
2;350.267892;0.443957697;20;367.9915213;0.951847726;0.067191969;500;0.25;0.1;1;0.04;0.700535784
3;351.1567345;0.493073821;20;367.6652005;0.95508431;0.021044381;500;0.25;0.1;1;0.04;0.702313469
4;346.5248303;0.311939284;20;367.7139101;0.942379496;0.105787528;500;0.25;0.1;1;0.04;0.693049661
5;346.8513929;0.619696379;20;367.8034053;0.943006463;0.00090421;500;0.25;0.1;1;0.04;0.693702786
6;350.5086519;0.341162748;20;367.5027716;0.953744734;0.006564984;500;0.25;0.1;1;0.04;0.701017304
7;351.1703179;0.554604637;20;367.8834631;0.954564137;-0.104597674;500;0.25;0.1;1;0.04;0.702340636
8;349.226604;0.520934465;20;367.7857376;0.949520224;0.06365369;500;0.25;0.1;1;0.04;0.698453208
9;350.5534251;0.463996352;20;367.724085;0.953289343;-0.011398058;500;0.25;0.1;1;0.04;0.70110685
10;348.1557875;0.469922081;20;367.7637204;0.946667796;-0.037350505;500;0.25;0.1;1;0.04;0.696311575
11;349.3715923;0.604947867;20;367.8736945;0.949682934;0.064902279;500;0.25;0.1;1;0.04;0.698743185
12;350.0398467;0.497555364;20;367.7652881;0.951798945;0.028851748;500;0.25;0.1;1;0.04;0.700079693
13;351.0408814;0.389855693;20;367.6002191;0.954951552;0.02399799;500;0.25;0.1;1;0.04;0.702081763
14;351.6300451;0.627843364;20;367.9454742;0.955665106;0.0532087;500;0.25;0.1;1;0.04;0.70326009
15;349.9286686;0.43895064;20;367.6547718;0.951780852;-0.001675388;500;0.25;0.1;1;0.04;0.699857337
16;345.8170434;0.567916375;20;367.8178882;0.940197598;-0.004026371;500;0.25;0.1;1;0.04;0.691634087
17;351.9264816;0.439192237;20;367.8847012;0.956618963;-0.0317509;500;0.25;0.1;1;0.04;0.703852963
18;350.8142858;0.610680578;20;367.8512472;0.953677102;-0.030064004;500;0.25;0.1;1;0.04;0.701628572
19;352.0086031;0.495940505;20;367.7848617;0.957110864;0.047985687;500;0.25;0.1;1;0.04;0.704017206
0;346.8313502;0.437721242;20;367.8798643;0.942800492;-0.036293055;500;0.25;0.25;1;0.04;0.6936627
1;350.1352502;0.562886297;20;367.9285904;0.951634602;0.012488261;500;0.25;0.25;1;0.04;0.7002705
2;347.3859436;0.486751966;20;367.7808987;0.944559345;-0.04236264;500;0.25;0.25;1;0.04;0.694771887
3;350.1713381;0.40716544;20;367.7229067;0.95226842;0.008294381;500;0.25;0.25;1;0.04;0.700342676
4;350.1387064;0.414540696;20;367.8117586;0.951946786;-0.01276716;500;0.25;0.25;1;0.04;0.700277413
5;350.3590829;0.549000247;20;367.7234316;0.952773943;0.039916492;500;0.25;0.25;1;0.04;0.700718166
6;351.2275193;0.481129598;20;367.673191;0.955261358;0.023114984;500;0.25;0.25;1;0.04;0.702455039
7;352.6391494;0.558278979;20;367.8166214;0.95874549;-0.016198138;500;0.25;0.25;1;0.04;0.705278299
8;352.5343622;0.490317796;20;367.8030523;0.958492504;0.011496811;500;0.25;0.25;1;0.04;0.705068724
9;350.3068704;0.370762154;20;367.7450002;0.952570502;-0.008648058;500;0.25;0.25;1;0.04;0.700613741
10;351.3322208;0.499315;20;367.7434133;0.955371659;0.012106136;500;0.25;0.25;1;0.04;0.702664442
11;349.3173015;0.590602188;20;367.8567351;0.949605385;-0.017497721;500;0.25;0.25;1;0.04;0.698634603
12;349.378526;0.52028744;20;367.7782819;0.949956674;0.040898765;500;0.25;0.25;1;0.04;0.698757052
13;349.1469876;0.599775553;20;367.7933674;0.949298762;-0.02305201;500;0.25;0.25;1;0.04;0.698293975
14;348.6931922;0.547424452;20;367.8242525;0.94798589;-0.035183458;500;0.25;0.25;1;0.04;0.697386384
15;344.5708947;0.470711123;20;368.0624303;0.936185453;-0.017575388;500;0.25;0.25;1;0.04;0.689141789
16;345.4925475;0.330553298;20;367.8072952;0.93934724;0.00763967;500;0.25;0.25;1;0.04;0.690985095
17;349.9236281;0.573622109;20;367.7696229;0.951459636;-0.030351785;500;0.25;0.25;1;0.04;0.699847256
18;345.7700142;0.585353468;20;367.7462825;0.940234248;-0.003620701;500;0.25;0.25;1;0.04;0.691540028
19;351.089271;0.556363491;20;367.7476819;0.95470256;0.03004216;500;0.25;0.25;1;0.04;0.702178542
0;352.13563;0.473783012;20;367.6503705;0.957795353;-0.006187601;500;0.25;0.4;1;0.04;0.70427126
1;351.7012234;0.520405904;20;367.7281692;0.956398994;0.038189168;500;0.25;0.4;1;0.04;0.703402447
2;351.0451947;0.499941579;20;367.8386232;0.95436414;0.00808736;500;0.25;0.4;1;0.04;0.702090389
3;350.8000209;0.502631086;20;367.7631951;0.953866374;-0.031455619;500;0.25;0.4;1;0.04;0.701600042
4;351.7762407;0.482512521;20;367.7486861;0.956571088;0.01068284;500;0.25;0.4;1;0.04;0.703552481
5;350.5772217;0.463872533;20;367.8008852;0.95316275;-0.019077295;500;0.25;0.4;1;0.04;0.701154443
6;351.9455141;0.452967004;20;367.6070546;0.957397292;0.008664575;500;0.25;0.4;1;0.04;0.703891028
7;351.3041247;0.338396346;20;367.9126723;0.95485931;-0.010796282;500;0.25;0.4;1;0.04;0.702608249
8;351.205495;0.520013532;20;367.815937;0.954838746;-0.019653189;500;0.25;0.4;1;0.04;0.70241099
9;350.9106845;0.53251167;20;367.571404;0.95466846;-0.010898058;500;0.25;0.4;1;0.04;0.701821369
10;351.2576132;0.464243658;20;367.532228;0.955717832;-0.007450505;500;0.25;0.4;1;0.04;0.702515226
11;352.9150519;0.441230495;20;367.9308188;0.959171276;-0.022895987;500;0.25;0.4;1;0.04;0.705830104
12;350.005971;0.472989352;20;367.7385188;0.951774818;-0.004044649;500;0.25;0.4;1;0.04;0.700011942
13;351.1235334;0.514251404;20;367.9178239;0.954348819;-0.00610201;500;0.25;0.4;1;0.04;0.702247067
14;350.554839;0.544358798;20;367.6739657;0.95344891;0.01540933;500;0.25;0.4;1;0.04;0.701109678
15;350.2886897;0.612311618;20;367.9870025;0.95190068;-0.005475388;500;0.25;0.4;1;0.04;0.700577379
16;351.7733926;0.531095628;20;367.7577722;0.95652549;-0.002725851;500;0.25;0.4;1;0.04;0.703546785
17;351.4985188;0.441376939;20;367.8530735;0.955537765;0.025048215;500;0.25;0.4;1;0.04;0.702997038
18;349.5405914;0.549721783;20;367.7867991;0.950373718;-0.008170701;500;0.25;0.4;1;0.04;0.699081183
19;346.4106713;0.561175935;20;367.674122;0.9421766;-0.00290784;500;0.25;0.4;1;0.04;0.692821343
0;348.7886422;0.476794819;20;367.8781828;0.948110557;0.017833311;500;0.25;0.1;10;0.04;0.697577284
1;350.0472469;0.584630073;20;367.9949642;0.951214525;-0.03058315;500;0.25;0.1;10;0.04;0.700094494
2;348.5477732;0.34950511;20;367.7293065;0.947849073;0.172252943;500;0.25;0.1;10;0.04;0.697095546
3;351.3880323;0.407213633;20;367.8624546;0.955197482;-0.080292526;500;0.25;0.1;10;0.04;0.702776065
4;349.9856259;0.657775473;20;367.9552568;0.95114307;-0.051995515;500;0.25;0.1;10;0.04;0.699971252
5;347.8785379;0.512577376;20;368.1532022;0.944941206;0.286417596;500;0.25;0.1;10;0.04;0.695757076
6;347.3548413;0.535113928;20;367.8629443;0.94426081;-0.213532859;500;0.25;0.1;10;0.04;0.694709683
7;350.5127848;0.790395872;20;367.7449076;0.953147866;0.07877411;500;0.25;0.1;10;0.04;0.70102557
8;348.1576923;0.675975874;20;367.9210509;0.946260406;-0.003231044;500;0.25;0.1;10;0.04;0.696315385
9;346.1571467;0.535429137;20;367.6154456;0.941614485;0.336876703;500;0.25;0.1;10;0.04;0.692314293
10;345.3457012;0.869835462;20;367.7696016;0.939018469;0.278977998;500;0.25;0.1;10;0.04;0.690691402
11;352.5875043;0.406404002;20;367.7132291;0.958866226;0.025807384;500;0.25;0.1;10;0.04;0.705175009
12;351.7941148;0.478793384;20;367.7464368;0.956610903;0.008099768;500;0.25;0.1;10;0.04;0.70358823
13;351.4655463;0.507305637;20;367.7678298;0.95564445;0.009352306;500;0.25;0.1;10;0.04;0.702931093
14;348.1847094;0.51575335;20;367.6802421;0.946969454;0.067165729;500;0.25;0.1;10;0.04;0.696369419
15;352.4609557;0.590299202;20;367.748552;0.958413665;0.262391776;500;0.25;0.1;10;0.04;0.704921911
16;355.0681349;0.624227631;20;367.7722417;0.965449889;0.060708097;500;0.25;0.1;10;0.04;0.71013627
17;331.2151844;0.870838291;20;367.7246464;0.900688456;0.183589261;500;0.25;0.1;10;0.04;0.662430369
18;343.8273583;0.458779758;20;367.7772556;0.934859768;0.33779548;500;0.25;0.1;10;0.04;0.687654717
19;345.5133928;0.364750253;20;367.7021075;0.939656015;-0.110778816;500;0.25;0.1;10;0.04;0.691026786
0;350.4344401;0.521708258;20;367.9123591;0.952495166;0.036133311;500;0.25;0.25;10;0.04;0.70086888
1;350.2935375;0.483473041;20;367.784101;0.952461528;0.06841685;500;0.25;0.25;10;0.04;0.700587075
2;350.7055712;0.504162271;20;367.994694;0.953007639;-0.017147057;500;0.25;0.25;10;0.04;0.701411142
3;349.2920637;0.480472955;20;367.4408381;0.950610892;0.205507474;500;0.25;0.25;10;0.04;0.698584127
4;352.1046741;0.504247906;20;367.9168927;0.95701671;0.026504485;500;0.25;0.25;10;0.04;0.704209348
5;349.4602467;0.467357363;20;368.1030838;0.949353353;-0.102332404;500;0.25;0.25;10;0.04;0.698920493
6;351.1503251;0.386112716;20;367.8142391;0.954680281;0.055117141;500;0.25;0.25;10;0.04;0.70230065
7;352.3677918;0.389329113;20;367.9915794;0.957549926;-0.02022589;500;0.25;0.25;10;0.04;0.704735584
8;349.2905777;0.63276578;20;367.887218;0.949450424;0.079659203;500;0.25;0.25;10;0.04;0.698581155
9;351.1434345;0.630414671;20;367.8879344;0.954486655;0.108626703;500;0.25;0.25;10;0.04;0.702286869
10;350.1804177;0.708361779;20;367.7340755;0.952261104;0.057877998;500;0.25;0.25;10;0.04;0.700360835
11;351.0296027;0.549483682;20;367.7688987;0.954488004;0.057457384;500;0.25;0.25;10;0.04;0.702059205
12;351.3018927;0.393305227;20;367.909955;0.954826889;-0.084400232;500;0.25;0.25;10;0.04;0.702603785
13;348.6788262;0.433209218;20;367.6064089;0.94850304;0.012452306;500;0.25;0.25;10;0.04;0.697357652
14;347.4117116;0.645165192;20;367.801426;0.94455812;-0.079984271;500;0.25;0.25;10;0.04;0.694823423
15;351.5077793;0.447233626;20;367.6434068;0.956106273;0.076191776;500;0.25;0.25;10;0.04;0.703015559
16;349.5326291;0.513332789;20;367.9289084;0.949990058;0.047958097;500;0.25;0.25;10;0.04;0.699065258
17;350.4819174;0.462881936;20;367.7489669;0.953039872;-0.021160739;500;0.25;0.25;10;0.04;0.700963835
18;351.7923823;0.417580223;20;367.6908221;0.956763091;-0.06045452;500;0.25;0.25;10;0.04;0.703584765
19;347.1642023;0.483992645;20;367.8870875;0.943667602;-0.065328816;500;0.25;0.25;10;0.04;0.694328405
0;347.5413151;0.395454464;20;367.9342424;0.944589572;-0.016566689;500;0.25;0.4;10;0.04;0.69508263
1;351.6630011;0.567708052;20;367.595401;0.956651772;0.06841685;500;0.25;0.4;10;0.04;0.703326002
2;349.4128189;0.569036138;20;367.7290497;0.950191298;-0.004547057;500;0.25;0.4;10;0.04;0.698825638
3;349.3814448;0.448189663;20;367.7019327;0.950165713;0.010307474;500;0.25;0.4;10;0.04;0.69876289
4;349.3715981;0.46048171;20;367.7485939;0.950035136;0.084004485;500;0.25;0.4;10;0.04;0.698743196
5;350.1049819;0.413392506;20;367.8096155;0.951850237;0.048917596;500;0.25;0.4;10;0.04;0.700209964
6;352.3929262;0.433731217;20;367.7707096;0.95819513;0.042767141;500;0.25;0.4;10;0.04;0.704785852
7;349.7711844;0.465844275;20;367.8772765;0.95078982;-0.02122589;500;0.25;0.4;10;0.04;0.699542369
8;344.2975879;0.387521895;20;367.8575854;0.935944921;-0.018431044;500;0.25;0.4;10;0.04;0.688595176
9;348.8860076;0.516949702;20;367.7863893;0.948613014;-0.038623297;500;0.25;0.4;10;0.04;0.697772015
10;352.8903869;0.538433791;20;367.7955681;0.959460975;0.117777998;500;0.25;0.4;10;0.04;0.705780774
11;347.1761505;0.421660598;20;367.7628835;0.944035985;0.019107384;500;0.25;0.4;10;0.04;0.694352301
12;348.8494406;0.436036615;20;367.7613404;0.948550179;0.031099768;500;0.25;0.4;10;0.04;0.697698881
13;351.7232802;0.458288999;20;367.8765035;0.956088776;0.096552306;500;0.25;0.4;10;0.04;0.70344656
14;351.3779005;0.492102225;20;367.8329197;0.955260291;-0.055134271;500;0.25;0.4;10;0.04;0.702755801
15;352.0339965;0.413594735;20;367.8097295;0.957102074;0.078985659;500;0.25;0.4;10;0.04;0.704067993
16;341.0781872;0.459060337;20;367.6797975;0.927639371;0.015208097;500;0.25;0.4;10;0.04;0.682156374
17;351.0509007;0.455705288;20;367.7705886;0.954520223;-0.044910739;500;0.25;0.4;10;0.04;0.702101801
18;349.1966557;0.525393047;20;367.6461323;0.949805964;-0.05870452;500;0.25;0.4;10;0.04;0.698393311
19;349.3054123;0.560922221;20;367.7941349;0.949727087;0.009121184;500;0.25;0.4;10;0.04;0.698610825
0;355.3582642;0.342537267;20;367.9841728;0.965682731;-0.238968744;500;0.25;0.1;100;0.04;0.710716528
1;356.600892;0.402386171;20;367.8489154;0.969415279;-0.380749565;500;0.25;0.1;100;0.04;0.713201784
2;354.5273479;0.145609045;20;368.0609168;0.963220199;0.508619089;500;0.25;0.1;100;0.04;0.709054696
3;348.728141;1.710967879;20;368.0827282;0.947389223;0.559548027;500;0.25;0.1;100;0.04;0.697456282
4;355.9651067;0.575696741;20;367.8105406;0.967783304;0.409998362;500;0.25;0.1;100;0.04;0.711930213
5;350.4477354;0.571311422;20;367.9423203;0.952457208;0.164405406;500;0.25;0.1;100;0.04;0.700895471
6;353.9639052;0.300975837;20;367.7076882;0.962619534;-0.463990282;500;0.25;0.1;100;0.04;0.70792781
7;354.4511589;0.398974377;20;367.7283402;0.963895071;0.348329184;500;0.25;0.1;100;0.04;0.708902318
8;353.2629091;0.325970482;20;367.6629659;0.960814807;0.234985189;500;0.25;0.1;100;0.04;0.706525818
9;357.7431457;0.166316843;20;367.6908024;0.972941018;0.221591039;500;0.25;0.1;100;0.04;0.715486291
10;356.2381163;1.265798286;20;367.864647;0.968387725;0.293827678;500;0.25;0.1;100;0.04;0.712476233
11;350.6931016;0.530012803;20;367.7408037;0.953638998;-0.656393958;500;0.25;0.1;100;0.04;0.701386203
12;353.5126469;0.46986107;20;367.8076855;0.961106441;0.289918101;500;0.25;0.1;100;0.04;0.707025294
13;352.4467104;0.342083044;20;367.8240026;0.958182253;-0.245215432;500;0.25;0.1;100;0.04;0.704893421
14;353.6199504;0.586903565;20;367.7105033;0.961681497;-0.615911713;500;0.25;0.1;100;0.04;0.707239901
15;354.501065;0.549205864;20;367.8300775;0.963741828;-0.394335554;500;0.25;0.1;100;0.04;0.70900213
16;349.8962438;0.725144884;20;367.6569555;0.951690444;-0.171413528;500;0.25;0.1;100;0.04;0.699792488
17;352.2516967;0.204631395;20;367.8935123;0.957470868;-0.008853282;500;0.25;0.1;100;0.04;0.704503393
18;352.8987286;0.693840512;20;367.7704481;0.959550805;0.327845195;500;0.25;0.1;100;0.04;0.705797457
19;358.5214914;0.626385454;20;367.7689343;0.97484492;0.644505612;500;0.25;0.1;100;0.04;0.717042983
0;346.85419;0.590596619;20;367.8633999;0.942884493;0.281031256;500;0.25;0.25;100;0.04;0.69370838
1;341.4310122;0.179654802;20;367.8457621;0.928198023;0.315250435;500;0.25;0.25;100;0.04;0.682862024
2;354.1912861;0.705895225;20;367.8430776;0.962890936;-0.131830911;500;0.25;0.25;100;0.04;0.708382572
3;352.2668726;0.420321077;20;367.8188496;0.957713691;0.254398027;500;0.25;0.25;100;0.04;0.704533745
4;335.1549141;0.231899826;20;367.8412108;0.911134512;0.189848362;500;0.25;0.25;100;0.04;0.670309828
5;337.1840383;0.326756521;20;367.8616903;0.916585245;-0.060342393;500;0.25;0.25;100;0.04;0.674368077
6;349.7570328;0.419517019;20;367.5784506;0.951497512;-0.488440282;500;0.25;0.25;100;0.04;0.699514066
7;341.4448247;0.552704252;20;367.7348445;0.928518759;0.063629184;500;0.25;0.25;100;0.04;0.682889649
8;351.9232178;0.549958501;20;367.8216749;0.956772769;-0.213714811;500;0.25;0.25;100;0.04;0.703846436
9;347.651134;0.875935837;20;367.7774552;0.945271664;0.226741039;500;0.25;0.25;100;0.04;0.695302268
10;347.6693886;0.74187866;20;367.4689332;0.946111656;-0.336022322;500;0.25;0.25;100;0.04;0.695338777
11;355.3347836;0.52015319;20;368.1133984;0.96529053;-0.206243958;500;0.25;0.25;100;0.04;0.710669567
12;326.6141985;1.125756736;20;367.9456925;0.88768654;0.249218101;500;0.25;0.25;100;0.04;0.653228397
13;327.4844655;0.653523836;20;367.8107391;0.890383597;0.005884568;500;0.25;0.25;100;0.04;0.654968931
14;354.8948018;0.512745279;20;368.0537217;0.964237534;0.084088287;500;0.25;0.25;100;0.04;0.709789604
15;333.1431206;0.50633221;20;367.8617218;0.905592503;0.174964446;500;0.25;0.25;100;0.04;0.666286241
16;327.5536642;0.885788764;20;367.5718621;0.891148178;-0.220963528;500;0.25;0.25;100;0.04;0.655107328
17;345.8916448;0.381846301;20;367.7402236;0.940565621;0.181146718;500;0.25;0.25;100;0.04;0.69178329
18;354.9898961;0.543493407;20;367.9787994;0.964697952;-0.107004805;500;0.25;0.25;100;0.04;0.709979792
19;352.4512922;0.670615749;20;367.6353028;0.958681334;-0.445494388;500;0.25;0.25;100;0.04;0.704902584
0;340.7686425;0.5445201;20;367.6542969;0.926895158;0.201031256;500;0.25;0.4;100;0.04;0.681537285
1;347.5563804;0.487269959;20;367.8362524;0.944849832;-0.090749565;500;0.25;0.4;100;0.04;0.695112761
2;345.1164571;0.550346341;20;367.7545855;0.938395359;0.127719089;500;0.25;0.4;100;0.04;0.690232914
3;352.7443153;0.462478588;20;367.8473669;0.958945402;-0.049751973;500;0.25;0.4;100;0.04;0.705488631
4;352.3156374;0.50472428;20;367.8101084;0.957856481;-0.129301638;500;0.25;0.4;100;0.04;0.704631275
5;351.4019833;0.518777306;20;367.6708919;0.955758898;-0.185094594;500;0.25;0.4;100;0.04;0.702803967
6;349.949438;0.635841262;20;367.746288;0.951570114;-0.013890282;500;0.25;0.4;100;0.04;0.699898876
7;351.8039941;0.402983487;20;367.63885;0.95691933;-0.221070816;500;0.25;0.4;100;0.04;0.703607988
8;347.3060981;0.553405296;20;367.8052156;0.944278371;-0.164414811;500;0.25;0.4;100;0.04;0.694612196
9;349.7327231;0.684361614;20;367.5689743;0.951464707;-0.068108961;500;0.25;0.4;100;0.04;0.699465446
10;348.565817;0.663415739;20;367.9532669;0.947292041;-0.066872322;500;0.25;0.4;100;0.04;0.697131634
11;340.2310001;0.340048368;20;367.9287167;0.92469886;0.143906042;500;0.25;0.4;100;0.04;0.680462
12;348.5184879;0.437437318;20;367.7877893;0.947610515;0.009518101;500;0.25;0.4;100;0.04;0.697036976
13;351.6078721;0.509617914;20;367.803134;0.955964168;-0.045015432;500;0.25;0.4;100;0.04;0.703215744
14;343.9416055;0.465876327;20;367.6691658;0.935441786;0.085088287;500;0.25;0.4;100;0.04;0.687883211
15;350.567785;0.393895561;20;367.9540196;0.952730519;-0.154735554;500;0.25;0.4;100;0.04;0.70113557
16;350.9842812;0.566341999;20;367.7643783;0.95438461;-0.170513528;500;0.25;0.4;100;0.04;0.701968562
17;354.3320099;0.462727119;20;367.7798214;0.963407689;-0.028853282;500;0.25;0.4;100;0.04;0.70866402
18;326.1595343;0.760567541;20;367.9184226;0.886456671;0.157145195;500;0.25;0.4;100;0.04;0.652319069
19;335.3838493;0.739667419;20;367.6706686;0.912178601;-0.035494388;500;0.25;0.4;100;0.04;0.670767699
0;339.4709921;0.39400265;40;352.3236808;0.963518686;-0.045391589;500;0.25;0.1;1;0.08;0.678941984
1;338.5027312;0.438534063;40;352.7741776;0.959529273;-0.063211739;500;0.25;0.1;1;0.08;0.677005462
2;339.7120308;0.320405449;40;352.6536837;0.963311608;0.067191969;500;0.25;0.1;1;0.08;0.679424062
3;336.4559887;0.410736548;40;352.327106;0.954938855;0.021044381;500;0.25;0.1;1;0.08;0.672911977
4;336.7349222;0.510836679;40;352.3511905;0.955671403;0.105787528;500;0.25;0.1;1;0.08;0.673469844
5;337.9608175;0.414312425;40;352.525173;0.958682379;0.00090421;500;0.25;0.1;1;0.08;0.675921635
6;339.497178;0.577347759;40;352.1741576;0.963994882;0.006564984;500;0.25;0.1;1;0.08;0.678994356
7;336.543048;0.377601005;40;352.5846775;0.954499544;-0.104597674;500;0.25;0.1;1;0.08;0.673086096
8;337.8429581;0.451769428;40;352.4314414;0.958599117;0.06365369;500;0.25;0.1;1;0.08;0.675685916
9;337.7982374;0.414080539;40;352.4080845;0.958548964;-0.011398058;500;0.25;0.1;1;0.08;0.675596475
10;340.0537568;0.440066935;40;352.4211226;0.964913063;-0.037350505;500;0.25;0.1;1;0.08;0.680107514
11;341.4636175;0.454675251;40;352.5730367;0.968483397;0.064902279;500;0.25;0.1;1;0.08;0.682927235
12;335.2419399;0.365700886;40;352.4137138;0.951278075;0.028851748;500;0.25;0.1;1;0.08;0.67048388
13;339.8528341;0.451593112;40;352.2953055;0.964679982;0.02399799;500;0.25;0.1;1;0.08;0.679705668
14;337.4477965;0.343983903;40;352.6232217;0.956960058;0.0532087;500;0.25;0.1;1;0.08;0.674895593
15;339.0558565;0.460913229;40;352.3262379;0.962327479;-0.001675388;500;0.25;0.1;1;0.08;0.678111713
16;338.7671487;0.313840005;40;352.4592007;0.961138767;-0.004026371;500;0.25;0.1;1;0.08;0.677534297
17;340.6849103;0.383294183;40;352.5580739;0.966317726;-0.0317509;500;0.25;0.1;1;0.08;0.681369821
18;338.1079366;0.268123437;40;352.5436664;0.959048207;-0.030064004;500;0.25;0.1;1;0.08;0.676215873
19;338.895721;0.427475597;40;352.4608615;0.961506095;0.047985687;500;0.25;0.1;1;0.08;0.677791442
0;337.3803832;0.394168466;40;352.5560881;0.956954942;-0.036293055;500;0.25;0.25;1;0.08;0.674760766
1;336.2117967;0.361707528;40;352.5802543;0.953574938;0.012488261;500;0.25;0.25;1;0.08;0.672423593
2;339.3197115;0.328519462;40;352.3927166;0.962910312;-0.04236264;500;0.25;0.25;1;0.08;0.678639423
3;338.7608446;0.261714953;40;352.3857723;0.961331669;0.008294381;500;0.25;0.25;1;0.08;0.677521689
4;339.2800878;0.445088009;40;352.482339;0.962543355;-0.01276716;500;0.25;0.25;1;0.08;0.678560176
5;337.03019;0.522513941;40;352.437161;0.956279736;0.039916492;500;0.25;0.25;1;0.08;0.67406038
6;340.0286073;0.431380479;40;352.3297572;0.96507118;0.023114984;500;0.25;0.25;1;0.08;0.680057215
7;336.9458832;0.419891838;40;352.4941106;0.9558971;-0.016198138;500;0.25;0.25;1;0.08;0.673891766
8;339.7673451;0.431046749;40;352.4700552;0.963964805;0.011496811;500;0.25;0.25;1;0.08;0.67953469
9;335.2430233;0.407943794;40;352.4236284;0.951256979;-0.008648058;500;0.25;0.25;1;0.08;0.670486047
10;338.2641342;0.397377003;40;352.4088102;0.959860385;0.012106136;500;0.25;0.25;1;0.08;0.676528268
11;337.3953807;0.529804807;40;352.5682685;0.956964065;-0.017497721;500;0.25;0.25;1;0.08;0.674790761
12;336.1258021;0.364083754;40;352.4495817;0.953680104;0.040898765;500;0.25;0.25;1;0.08;0.672251604
13;338.7458862;0.442991577;40;352.4481254;0.961118154;-0.02305201;500;0.25;0.25;1;0.08;0.677491772
14;336.3748472;0.299767537;40;352.4985683;0.954259273;-0.035183458;500;0.25;0.25;1;0.08;0.672749694
15;337.4587656;0.534322883;40;352.7165948;0.956730836;-0.017575388;500;0.25;0.25;1;0.08;0.674917531
16;336.4743454;0.406941122;40;352.4848536;0.954568845;0.00763967;500;0.25;0.25;1;0.08;0.672948691
17;337.5112392;0.465001794;40;352.4515905;0.957613705;-0.030351785;500;0.25;0.25;1;0.08;0.675022478
18;339.7276232;0.572739819;40;352.4216318;0.963977679;-0.003620701;500;0.25;0.25;1;0.08;0.679455246
19;337.571205;0.394850446;40;352.4244889;0.957833391;0.03004216;500;0.25;0.25;1;0.08;0.67514241
0;337.8783586;0.470335369;40;352.3470308;0.958929407;-0.006187601;500;0.25;0.4;1;0.08;0.675756717
1;337.3836288;0.609683629;40;352.4130445;0.957358157;0.038189168;500;0.25;0.4;1;0.08;0.674767258
2;339.055539;0.497974781;40;352.5143932;0.961816238;0.00808736;500;0.25;0.4;1;0.08;0.678111078
3;337.1897493;0.477972491;40;352.4486787;0.95669945;-0.031455619;500;0.25;0.4;1;0.08;0.674379499
4;339.1016135;0.4042906;40;352.4113988;0.962226643;0.01068284;500;0.25;0.4;1;0.08;0.678203227
5;340.3782996;0.603764842;40;352.5043572;0.96559057;-0.019077295;500;0.25;0.4;1;0.08;0.680756599
6;341.1349653;0.443861329;40;352.3231178;0.96824533;0.008664575;500;0.25;0.4;1;0.08;0.682269931
7;336.2917225;0.477622968;40;352.6013704;0.953739821;-0.010796282;500;0.25;0.4;1;0.08;0.672583445
8;341.1617127;0.379216109;40;352.4635147;0.967923113;-0.019653189;500;0.25;0.4;1;0.08;0.682323425
9;336.7447281;0.516283945;40;352.2287628;0.956036851;-0.010898058;500;0.25;0.4;1;0.08;0.673489456
10;339.0811726;0.438980393;40;352.2057454;0.962726527;-0.007450505;500;0.25;0.4;1;0.08;0.678162345
11;339.4157186;0.465845866;40;352.553012;0.96273621;-0.022895987;500;0.25;0.4;1;0.08;0.678831437
12;338.2043973;0.525871257;40;352.4177959;0.959667018;-0.004044649;500;0.25;0.4;1;0.08;0.676408795
13;338.6351619;0.449654531;40;352.5855037;0.960424751;-0.00610201;500;0.25;0.4;1;0.08;0.677270324
14;338.3447375;0.265620695;40;352.3384513;0.960272608;0.01540933;500;0.25;0.4;1;0.08;0.676689475
15;338.3893974;0.394819781;40;352.6241135;0.959641567;-0.005475388;500;0.25;0.4;1;0.08;0.676778795
16;337.9820047;0.268229009;40;352.4329732;0.958999887;-0.002725851;500;0.25;0.4;1;0.08;0.675964009
17;339.2449075;0.420202605;40;352.5428923;0.962282278;0.025048215;500;0.25;0.4;1;0.08;0.678489815
18;338.579054;0.42747604;40;352.3899984;0.960804858;-0.008170701;500;0.25;0.4;1;0.08;0.677158108
19;337.160933;0.589353861;40;352.3487461;0.9569062;-0.00290784;500;0.25;0.4;1;0.08;0.674321866
0;340.2653921;0.412143551;40;352.5667224;0.965117178;0.017833311;500;0.25;0.1;10;0.08;0.680530784
1;337.8497522;0.53132412;40;352.618148;0.958094683;-0.03058315;500;0.25;0.1;10;0.08;0.675699504
2;336.9966879;0.435245583;40;352.3715274;0.956366899;0.172252943;500;0.25;0.1;10;0.08;0.673993376
3;337.2108774;0.521278265;40;352.5161153;0.956590481;-0.080292526;500;0.25;0.1;10;0.08;0.674421755
4;337.9627915;0.447513128;40;352.5996973;0.958497069;-0.051995515;500;0.25;0.1;10;0.08;0.675925583
5;337.8867685;0.529219464;40;352.843237;0.957614971;0.286417596;500;0.25;0.1;10;0.08;0.675773537
6;339.0958551;0.424620848;40;352.5274465;0.961892146;-0.213532859;500;0.25;0.1;10;0.08;0.67819171
7;340.8543218;0.408145683;40;352.4191693;0.967194916;0.07877411;500;0.25;0.1;10;0.08;0.681708644
8;335.7246237;0.407173934;40;352.5822886;0.952163918;-0.003231044;500;0.25;0.1;10;0.08;0.671449247
9;339.5156375;0.735155352;40;352.3296973;0.963624652;0.336876703;500;0.25;0.1;10;0.08;0.679031275
10;333.6671184;0.340674408;40;352.4691339;0.946639795;0.278977998;500;0.25;0.1;10;0.08;0.667334237
11;337.0556161;0.357046886;40;352.4233969;0.956396753;0.025807384;500;0.25;0.1;10;0.08;0.674111232
12;338.5857251;0.428499242;40;352.4066084;0.96078299;0.008099768;500;0.25;0.1;10;0.08;0.67717145
13;339.7660775;0.625656504;40;352.4341562;0.964044592;0.009352306;500;0.25;0.1;10;0.08;0.679532155
14;337.7408301;0.432312201;40;352.3513863;0.958528809;0.067165729;500;0.25;0.1;10;0.08;0.67548166
15;337.0697627;0.366205101;40;352.4016774;0.956488628;0.262391776;500;0.25;0.1;10;0.08;0.674139525
16;337.1646592;0.33297356;40;352.4504913;0.956619142;0.060708097;500;0.25;0.1;10;0.08;0.674329318
17;339.7531019;0.719782497;40;352.4008115;0.964105524;0.183589261;500;0.25;0.1;10;0.08;0.679506204
18;339.0070374;0.627808178;40;352.450232;0.961856218;0.33779548;500;0.25;0.1;10;0.08;0.678014075
19;339.4821306;0.566648447;40;352.3650603;0.963435876;-0.110778816;500;0.25;0.1;10;0.08;0.678964261
0;339.3075862;0.432473483;40;352.6333912;0.962210846;0.036133311;500;0.25;0.25;10;0.08;0.678615172
1;338.0909975;0.380160672;40;352.4708058;0.959197201;0.06841685;500;0.25;0.25;10;0.08;0.676181995
2;336.082141;0.449511348;40;352.6737368;0.952933135;-0.017147057;500;0.25;0.25;10;0.08;0.672164282
3;338.1956731;0.425626417;40;352.1501559;0.960365572;0.205507474;500;0.25;0.25;10;0.08;0.676391346
4;342.1065838;0.295913185;40;352.5788293;0.97030172;0.026504485;500;0.25;0.25;10;0.08;0.684213168
5;332.9514322;0.461644879;40;352.7955961;0.943736717;-0.102332404;500;0.25;0.25;10;0.08;0.665902864
6;338.2770479;0.449643076;40;352.465485;0.959732907;0.055117141;500;0.25;0.25;10;0.08;0.676554096
7;339.1150411;0.363880295;40;352.6053151;0.961744879;-0.02022589;500;0.25;0.25;10;0.08;0.678230082
8;334.3439611;0.473467871;40;352.5776858;0.948280268;0.079659203;500;0.25;0.25;10;0.08;0.668687922
9;338.0617432;0.466322887;40;352.5508182;0.958911626;0.108626703;500;0.25;0.25;10;0.08;0.676123486
10;335.4431896;0.517316686;40;352.3878889;0.951911964;0.057877998;500;0.25;0.25;10;0.08;0.670886379
11;338.8900129;0.48814533;40;352.4088184;0.961632635;0.057457384;500;0.25;0.25;10;0.08;0.677780026
12;338.5121296;0.45247358;40;352.5532583;0.960174328;-0.084400232;500;0.25;0.25;10;0.08;0.677024259
13;337.0863979;0.469354682;40;352.2331304;0.957005633;0.012452306;500;0.25;0.25;10;0.08;0.674172796
14;335.797929;0.38977826;40;352.477038;0.952669731;-0.079984271;500;0.25;0.25;10;0.08;0.671595858
15;336.4890573;0.458425363;40;352.2704767;0.955175079;0.076191776;500;0.25;0.25;10;0.08;0.672978115
16;335.3549172;0.504141543;40;352.5862331;0.951123984;0.047958097;500;0.25;0.25;10;0.08;0.670709834
17;337.7275612;0.33990354;40;352.4011349;0.958352056;-0.021160739;500;0.25;0.25;10;0.08;0.675455122
18;338.9475703;0.497153548;40;352.4021871;0.961813132;-0.06045452;500;0.25;0.25;10;0.08;0.677895141
19;338.5748156;0.43121402;40;352.5187799;0.960440965;-0.065328816;500;0.25;0.25;10;0.08;0.677149631
0;338.6906623;0.487413401;40;352.6090961;0.960524444;-0.016566689;500;0.25;0.4;10;0.08;0.677381325
1;335.022866;0.350680252;40;352.3044563;0.950941944;0.06841685;500;0.25;0.4;10;0.08;0.670045732
2;338.068302;0.422296482;40;352.430398;0.959251086;-0.004547057;500;0.25;0.4;10;0.08;0.676136604
3;337.8760565;0.474606313;40;352.3575694;0.958903707;0.010307474;500;0.25;0.4;10;0.08;0.675752113
4;333.6120781;0.531391587;40;352.4192257;0.946617979;0.084004485;500;0.25;0.4;10;0.08;0.667224156
5;339.8964327;0.383703977;40;352.4746944;0.964316221;0.048917596;500;0.25;0.4;10;0.08;0.679792865
6;340.0877131;0.422005785;40;352.4269257;0.964977773;0.042767141;500;0.25;0.4;10;0.08;0.680175426
7;337.9204691;0.441118649;40;352.5558352;0.958480293;-0.02122589;500;0.25;0.4;10;0.08;0.675840938
8;338.013843;0.440140225;40;352.5006258;0.958890439;-0.018431044;500;0.25;0.4;10;0.08;0.676027686
9;335.1754153;0.370664954;40;352.395762;0.951142528;-0.038623297;500;0.25;0.4;10;0.08;0.670350831
10;337.9190805;0.435066583;40;352.496985;0.95863438;0.117777998;500;0.25;0.4;10;0.08;0.675838161
11;334.4418678;0.461804954;40;352.4191723;0.948977609;0.019107384;500;0.25;0.4;10;0.08;0.668883736
12;337.6552236;0.318192923;40;352.4089011;0.958132055;0.031099768;500;0.25;0.4;10;0.08;0.675310447
13;340.1767961;0.45199257;40;352.5181202;0.964989413;0.096552306;500;0.25;0.4;10;0.08;0.680353592
14;338.8274962;0.396737014;40;352.5250037;0.961138533;-0.055134271;500;0.25;0.4;10;0.08;0.677654992
15;337.8267498;0.542193102;40;352.4425605;0.958533523;0.078985659;500;0.25;0.4;10;0.08;0.6756535
16;333.6767476;0.507011484;40;352.3551009;0.94697472;0.015208097;500;0.25;0.4;10;0.08;0.667353495
17;338.3314989;0.38395412;40;352.4478825;0.959952439;-0.044910739;500;0.25;0.4;10;0.08;0.676662998
18;335.6973999;0.3923573;40;352.3231469;0.952803005;-0.05870452;500;0.25;0.4;10;0.08;0.6713948
19;336.3572721;0.346533354;40;352.449424;0.954342447;0.009121184;500;0.25;0.4;10;0.08;0.672714544
0;341.0803248;0.449773474;40;352.6758321;0.967111523;-0.238968744;500;0.25;0.1;100;0.08;0.68216065
1;343.5758057;0.525738476;40;352.5416983;0.974555666;-0.380749565;500;0.25;0.1;100;0.08;0.687151611
2;328.7349367;0.476269099;40;352.7067754;0.932040412;0.508619089;500;0.25;0.1;100;0.08;0.657469873
3;343.5156136;0.41210377;40;352.74433;0.97382399;0.559548027;500;0.25;0.1;100;0.08;0.687031227
4;343.2731886;0.404196029;40;352.5144027;0.973774447;0.409998362;500;0.25;0.1;100;0.08;0.686546377
5;327.8766644;0.499198956;40;352.6077951;0.929849314;0.164405406;500;0.25;0.1;100;0.08;0.655753329
6;342.0151599;0.781364738;40;352.3871355;0.970549763;-0.463990282;500;0.25;0.1;100;0.08;0.68403032
7;342.2375349;0.635289784;40;352.4167335;0.971111409;0.348329184;500;0.25;0.1;100;0.08;0.68447507
8;342.1124837;0.504130618;40;352.3534381;0.970921121;0.234985189;500;0.25;0.1;100;0.08;0.684224967
9;343.1886155;0.387871952;40;352.4147721;0.973806413;0.221591039;500;0.25;0.1;100;0.08;0.686377231
10;343.4844961;0.338201706;40;352.547212;0.974282484;0.293827678;500;0.25;0.1;100;0.08;0.686968992
11;330.270825;1.078110155;40;352.3741966;0.93725525;-0.656393958;500;0.25;0.1;100;0.08;0.66054165
12;341.6447118;1.036064801;40;352.5312552;0.969105966;0.289918101;500;0.25;0.1;100;0.08;0.683289424
13;335.8339269;0.295278158;40;352.4953666;0.952716746;-0.245215432;500;0.25;0.1;100;0.08;0.671667854
14;341.800383;0.424493648;40;352.4118456;0.969877074;-0.615911713;500;0.25;0.1;100;0.08;0.683600766
15;339.2175979;0.587297565;40;352.4987292;0.962308281;-0.394335554;500;0.25;0.1;100;0.08;0.678435196
16;328.3300578;0.515396997;40;352.3775709;0.931737424;-0.171413528;500;0.25;0.1;100;0.08;0.656660116
17;339.4836552;0.453410043;40;352.5971946;0.962798671;-0.008853282;500;0.25;0.1;100;0.08;0.67896731
18;344.7507244;0.65081131;40;352.4278957;0.978207355;0.327845195;500;0.25;0.1;100;0.08;0.689501449
19;341.3761126;0.580176372;40;352.4419533;0.968590309;0.644505612;500;0.25;0.1;100;0.08;0.682752225
0;329.8484208;0.247078419;40;352.5344595;0.935626202;0.281031256;500;0.25;0.25;100;0.08;0.659696842
1;338.5076808;0.641641626;40;352.5525146;0.960163413;0.315250435;500;0.25;0.25;100;0.08;0.677015362
2;337.0968511;0.47869251;40;352.59101;0.956044552;-0.131830911;500;0.25;0.25;100;0.08;0.674193702
3;340.5166646;0.355352545;40;352.4699438;0.966077311;0.254398027;500;0.25;0.25;100;0.08;0.681033329
4;327.7376083;0.571756885;40;352.4836661;0.92977099;0.189848362;500;0.25;0.25;100;0.08;0.655475217
5;337.8790022;0.426498957;40;352.4885227;0.958547882;-0.060342393;500;0.25;0.25;100;0.08;0.675758004
6;330.2073085;0.494199689;40;352.2520709;0.93742226;-0.488440282;500;0.25;0.25;100;0.08;0.660414617
7;338.3780139;0.415681517;40;352.451781;0.960073996;0.063629184;500;0.25;0.25;100;0.08;0.676756028
8;336.9883119;0.490584177;40;352.4702148;0.956079928;-0.213714811;500;0.25;0.25;100;0.08;0.673976624
9;337.9152129;0.561204832;40;352.4803428;0.958673555;0.226741039;500;0.25;0.25;100;0.08;0.675830426
10;339.0971837;0.475526117;40;352.1423556;0.962944264;-0.336022322;500;0.25;0.25;100;0.08;0.678194367
11;335.647841;0.319446182;40;352.7664661;0.951470951;-0.206243958;500;0.25;0.25;100;0.08;0.671295682
12;335.2414798;0.504343486;40;352.5922827;0.950778159;0.249218101;500;0.25;0.25;100;0.08;0.67048296
13;340.0893788;0.659353931;40;352.4956578;0.964810484;0.005884568;500;0.25;0.25;100;0.08;0.680178758
14;339.5001635;0.552750766;40;352.6694584;0.962635072;0.084088287;500;0.25;0.25;100;0.08;0.679000327
15;338.673072;0.324882903;40;352.5077104;0.960731209;0.174964446;500;0.25;0.25;100;0.08;0.677346144
16;335.3414494;0.423942698;40;352.2714888;0.951919963;-0.220963528;500;0.25;0.25;100;0.08;0.670682899
17;336.6188334;0.735536625;40;352.4146115;0.955165757;0.181146718;500;0.25;0.25;100;0.08;0.673237667
18;341.8889238;0.414143028;40;352.6297804;0.969531522;-0.107004805;500;0.25;0.25;100;0.08;0.683777848
19;339.6221352;0.661940482;40;352.3117292;0.963981544;-0.445494388;500;0.25;0.25;100;0.08;0.67924427
0;339.6933912;0.410262224;40;352.3343331;0.964120065;0.201031256;500;0.25;0.4;100;0.08;0.679386782
1;337.7182743;0.467612254;40;352.5278335;0.957978539;-0.090749565;500;0.25;0.4;100;0.08;0.675436549
2;339.1863383;0.389947944;40;352.4440174;0.962373912;0.127719089;500;0.25;0.4;100;0.08;0.678372677
3;334.04459;0.439883959;40;352.5231176;0.947585907;-0.049751973;500;0.25;0.4;100;0.08;0.66808918
4;338.0085921;0.55485966;40;352.4488353;0.959045315;-0.129301638;500;0.25;0.4;100;0.08;0.676017184
5;338.2795571;0.324369966;40;352.3601989;0.960032434;-0.185094594;500;0.25;0.4;100;0.08;0.676559114
6;340.8638011;0.400482138;40;352.4442791;0.967148037;-0.013890282;500;0.25;0.4;100;0.08;0.681727602
7;338.3757706;0.452472441;40;352.3561817;0.960334595;-0.221070816;500;0.25;0.4;100;0.08;0.676751541
8;337.4888099;0.601347085;40;352.4959828;0.95742074;-0.164414811;500;0.25;0.4;100;0.08;0.67497762
9;338.3090066;0.591278064;40;352.2584167;0.960382392;-0.068108961;500;0.25;0.4;100;0.08;0.676618013
10;337.2198979;0.527819421;40;352.6397159;0.95626334;-0.066872322;500;0.25;0.4;100;0.08;0.674439796
11;341.9912301;0.692424435;40;352.5749348;0.969981178;0.143906042;500;0.25;0.4;100;0.08;0.68398246
12;339.8014085;0.374787601;40;352.4220597;0.964179453;0.009518101;500;0.25;0.4;100;0.08;0.679602817
13;337.1383168;0.406151608;40;352.480873;0.95646865;-0.045015432;500;0.25;0.4;100;0.08;0.674276634
14;342.1982525;0.409774011;40;352.3553673;0.971156134;0.085088287;500;0.25;0.4;100;0.08;0.684396505
15;340.7526155;0.298032731;40;352.6248439;0.966329793;-0.154735554;500;0.25;0.4;100;0.08;0.681505231
16;332.6399935;0.55518081;40;352.4570771;0.943766181;-0.170513528;500;0.25;0.4;100;0.08;0.665279987
17;338.558231;0.592509469;40;352.4197796;0.960636601;-0.028853282;500;0.25;0.4;100;0.08;0.677116462
18;338.8870554;0.56693045;40;352.5940053;0.961116188;0.157145195;500;0.25;0.4;100;0.08;0.677774111
19;340.1191952;0.568664047;40;352.349521;0.965292215;-0.035494388;500;0.25;0.4;100;0.08;0.68023839
0;290.442545;2.712375811;0;382.9709897;0.758323101;-0.045391589;500;0.25;0.1;1;0;0.58088509
1;285.3671814;1.176801445;0;383.304296;0.744501007;0.022878905;500;0.25;0.1;1;0;0.570734363
2;285.7553396;2.93918909;0;383.1251849;0.745916313;-0.041714228;500;0.25;0.1;1;0;0.571510679
3;277.8846352;1.925061568;0;383.2424474;0.725068037;-0.000669138;500;0.25;0.1;1;0;0.55576927
4;267.5375846;2.119150237;0;383.2476906;0.697998245;0.07194936;500;0.25;0.1;1;0;0.535075169
5;275.3402945;0.220021574;0;383.144188;0.718602873;-0.052531956;500;0.25;0.1;1;0;0.550680589
6;285.2622521;0.476621884;0;383.0742919;0.744554017;0.110830514;500;0.25;0.1;1;0;0.570524504
7;289.3348438;0.294885254;0;383.2084351;0.755013907;0.054651895;500;0.25;0.1;1;0;0.578669688
8;286.807958;0.585881717;0;383.1298652;0.748560652;-0.017668793;500;0.25;0.1;1;0;0.573615916
9;284.9936577;2.192632257;0;383.1992784;0.743763453;-0.034185732;500;0.25;0.1;1;0;0.569987315
10;283.2879763;2.124272362;0;382.9196377;0.73981031;0.002859139;500;0.25;0.1;1;0;0.566575953
11;271.8002283;2.980782578;0;383.1866941;0.709387568;0.096613421;500;0.25;0.1;1;0;0.543600457
12;291.1443498;3.692247491;0;383.098169;0.760005213;-0.047581567;500;0.25;0.1;1;0;0.5822887
13;288.0743903;1.049950583;0;383.0610815;0.752019381;-0.096414041;500;0.25;0.1;1;0;0.576148781
14;278.0912141;3.241382227;0;383.2672301;0.725633798;-0.0355976;500;0.25;0.1;1;0;0.556182428
15;289.5141122;1.195848158;0;383.1852994;0.755371957;-0.009316463;500;0.25;0.1;1;0;0.579028224
16;284.9140317;0.301290377;0;382.9250092;0.744137923;0.028560897;500;0.25;0.1;1;0;0.569828063
17;282.3352195;2.335871786;0;383.4343621;0.736352798;-0.072808471;500;0.25;0.1;1;0;0.564670439
18;284.5915542;0.287406995;0;383.0304659;0.742993023;0.018528967;500;0.25;0.1;1;0;0.569183108
19;282.515348;0.278432173;0;383.3416752;0.736938826;0.05998672;500;0.25;0.1;1;0;0.565030696
0;216.5920498;1.047667818;0;383.2262948;0.565202277;-0.036293055;500;0.25;0.25;1;0;0.4331841
1;214.9211843;0.152782528;0;383.1149198;0.56094026;-0.011656714;500;0.25;0.25;1;0;0.429842369
2;216.8323981;0.436971894;0;383.1196661;0.56592836;-0.013474431;500;0.25;0.25;1;0;0.433664796
3;211.0004319;1.034550512;0;383.2635932;0.550599968;0.020521265;500;0.25;0.25;1;0;0.422000864
4;216.1819593;0.204392681;0;382.9832069;0.564388387;0.005139625;500;0.25;0.25;1;0;0.432363919
5;211.2445617;3.820525911;0;383.2515923;0.551264608;-0.012026777;500;0.25;0.25;1;0;0.422489123
6;217.5750572;0.294464314;0;382.9575349;0.568070353;0.014680514;500;0.25;0.25;1;0;0.435150114
7;222.326143;1.062093215;0;383.0868697;0.580391896;0.004793831;500;0.25;0.25;1;0;0.444652286
8;207.0995884;0.443968357;0;382.9848154;0.540776592;-0.020268793;500;0.25;0.25;1;0;0.414199177
9;218.0246624;4.958148467;0;383.3616786;0.568774858;-0.008801569;500;0.25;0.25;1;0;0.436049325
10;219.5642435;0.770822946;0;383.0493859;0.573239014;0.009909139;500;0.25;0.25;1;0;0.439128487
11;222.4482185;4.077204016;0;383.0694333;0.580798813;0.006663421;500;0.25;0.25;1;0;0.444896437
12;219.2013507;1.311467839;0;383.0480764;0.572187149;-0.055741544;500;0.25;0.25;1;0;0.438402701
13;223.4582998;2.150271154;0;382.9976556;0.583354576;0.005135959;500;0.25;0.25;1;0;0.4469166
14;215.6864873;0.428763211;0;383.1524653;0.562947219;-0.00379863;500;0.25;0.25;1;0;0.431372975
15;217.6665144;4.465310546;0;383.0680067;0.568358298;-0.007520371;500;0.25;0.25;1;0;0.435333029
16;218.7519307;0.783170868;0;383.2013061;0.571019875;0.010310184;500;0.25;0.25;1;0;0.437503861
17;213.410691;1.225799898;0;383.1357391;0.556951891;0.001591529;500;0.25;0.25;1;0;0.426821382
18;216.6848801;0.335281022;0;382.9324656;0.565895867;0.000193308;500;0.25;0.25;1;0;0.43336976
19;217.4910856;2.903572787;0;383.1211941;0.567730028;-0.006720287;500;0.25;0.25;1;0;0.434982171
0;156.6426873;0.65456673;0;382.9708092;0.408996754;-0.006187601;500;0.25;0.4;1;0;0.313285375
1;156.5905633;0.522249876;0;383.1084972;0.408724813;-0.016216282;500;0.25;0.4;1;0;0.313181127
2;157.9601773;3.290019627;0;383.0321617;0.412405737;0.004773506;500;0.25;0.4;1;0;0.315920355
3;156.7514563;3.352436071;0;382.8965459;0.409358016;0.003730727;500;0.25;0.4;1;0;0.313502913
4;157.1597428;1.561538591;0;383.0502948;0.410265986;0.01734936;500;0.25;0.4;1;0;0.314319486
5;157.7834171;0.354117923;0;383.1713115;0.411787608;0.011473223;500;0.25;0.4;1;0;0.315566834
6;156.8472803;2.005848722;0;382.9122721;0.409622865;-0.003462567;500;0.25;0.4;1;0;0.313694561
7;156.6065949;0.382137867;0;383.0323538;0.408855094;0.018949127;500;0.25;0.4;1;0;0.31321319
8;156.8232172;1.638642983;0;382.9583514;0.409474134;0.006131207;500;0.25;0.4;1;0;0.313646434
9;157.1923801;1.653293062;0;382.9688738;0.410438419;-0.011385732;500;0.25;0.4;1;0;0.31438476
10;156.4498755;0.442398342;0;382.9844178;0.408492471;-0.021040861;500;0.25;0.4;1;0;0.312899751
11;156.6664747;1.441517903;0;383.1109312;0.408918168;-0.016283501;500;0.25;0.4;1;0;0.313332949
12;160.8318409;4.643075421;0;383.0114355;0.41989022;-0.003891544;500;0.25;0.4;1;0;0.321663682
13;156.9812759;1.766356752;0;383.2852099;0.409548569;0.004685959;500;0.25;0.4;1;0;0.313962552
14;157.2153655;1.286075407;0;383.064075;0.410394405;0.005992944;500;0.25;0.4;1;0;0.314430731
15;156.9282092;1.808531839;0;383.1159523;0.409618867;-0.006720371;500;0.25;0.4;1;0;0.313856418
16;156.3968931;0.961312763;0;382.9775438;0.408364699;0.020067139;500;0.25;0.4;1;0;0.312793786
17;156.7213637;3.722639854;0;383.2356255;0.408930852;0.003998644;500;0.25;0.4;1;0;0.313442727
18;157.1025985;2.000556766;0;383.0771994;0.410095996;-0.015162761;500;0.25;0.4;1;0;0.314205197
19;157.3663156;5.222428385;0;383.2636546;0.410595045;0.008569962;500;0.25;0.4;1;0;0.314732631
0;337.7000922;1.450064288;0;383.194618;0.881303357;0.017833311;500;0.25;0.1;10;0;0.675400184
1;336.5189926;3.232265543;0;383.1530344;0.878254866;-0.114690524;500;0.25;0.1;10;0;0.673037985
2;289.1721221;1.477017209;0;383.1263372;0.754798035;0.04570245;500;0.25;0.1;10;0;0.578344244
3;346.1897106;1.657962731;0;382.9307029;0.904044803;-0.034185929;500;0.25;0.1;10;0;0.692379421
4;332.8599268;2.413408865;0;383.0514368;0.868920189;0.068701327;500;0.25;0.1;10;0;0.665719854
5;330.9083124;1.760299195;0;383.0199515;0.863995891;-0.022612614;500;0.25;0.1;10;0;0.661816625
6;319.8014378;0.719943611;0;383.211118;0.834537181;0.00289566;500;0.25;0.1;10;0;0.639602876
7;345.6307224;0.125139012;0;383.403152;0.901472518;-0.078734226;500;0.25;0.1;10;0;0.691261445
8;350.9133843;4.976359238;0;383.1180423;0.915926651;-0.094754799;500;0.25;0.1;10;0;0.701826769
9;338.240001;1.063208732;0;383.1668811;0.88277282;-0.253693104;500;0.25;0.1;10;0;0.676480002
10;342.9073379;2.996708518;0;382.8408492;0.895684126;0.137360718;500;0.25;0.1;10;0;0.685814676
11;312.5335041;0.30865889;0;383.0602227;0.815891393;-0.205634656;500;0.25;0.1;10;0;0.625067008
12;337.4907473;4.046140405;0;382.8603693;0.881448528;0.226913735;500;0.25;0.1;10;0;0.674981495
13;343.0756388;0.440012911;0;383.2321495;0.89520222;-0.224330781;500;0.25;0.1;10;0;0.686151278
14;343.1774219;0.450937403;0;383.1330775;0.895678239;0.104284282;500;0.25;0.1;10;0;0.686354844
15;340.933109;0.750681417;0;382.955883;0.89025999;-0.049406578;500;0.25;0.1;10;0;0.681866218
16;345.2295836;0.288173041;0;383.1974282;0.900855961;0.014895332;500;0.25;0.1;10;0;0.690459167
17;343.923262;3.818550886;0;383.1891065;0.897502884;0.030844578;500;0.25;0.1;10;0;0.687846524
18;326.5505299;2.330710182;0;383.0846146;0.852349933;-0.042184455;500;0.25;0.1;10;0;0.65310106
19;340.8274009;3.748325544;0;383.2022414;0.889451987;0.091131006;500;0.25;0.1;10;0;0.681654802
0;297.1419945;0.992313728;0;383.242226;0.775292811;0.036133311;500;0.25;0.25;10;0;0.594283989
1;304.6919212;1.372762173;0;383.0102885;0.795566797;0.075109476;500;0.25;0.25;10;0;0.609383842
2;300.296685;3.191725043;0;383.1426108;0.783715316;0.00490245;500;0.25;0.25;10;0;0.60059337
3;300.8143762;2.035300377;0;383.1440344;0.785150791;-0.005185929;500;0.25;0.25;10;0;0.601628752
4;304.8902692;1.21636505;0;383.1542224;0.795664363;0.040901327;500;0.25;0.25;10;0;0.609780538
5;303.600114;2.000637629;0;383.330642;0.792035229;0.096637386;500;0.25;0.25;10;0;0.607200228
6;304.0705869;4.319430501;0;383.0322787;0.793847487;-0.04885434;500;0.25;0.25;10;0;0.608141174
7;286.4224877;1.94725272;0;383.1551475;0.74748766;-0.089284226;500;0.25;0.25;10;0;0.572844975
8;309.3917678;0.569137424;0;383.3061931;0.807174738;-0.076154799;500;0.25;0.25;10;0;0.618783536
9;298.330773;0.725914079;0;383.0113301;0.778878654;0.087006896;500;0.25;0.25;10;0;0.596661546
10;303.3294729;2.010966137;0;383.1630671;0.79159614;-0.047039282;500;0.25;0.25;10;0;0.606658946
11;290.9627859;0.155062648;0;383.1702235;0.75931107;0.067564833;500;0.25;0.25;10;0;0.581925572
12;305.3011623;0.436641224;0;383.0519711;0.797006617;0.009612717;500;0.25;0.25;10;0;0.610602325
13;302.5692391;1.853699805;0;383.3275717;0.78928195;-0.046730781;500;0.25;0.25;10;0;0.605138478
14;296.0276675;3.011048646;0;383.244285;0.772447854;0.007084282;500;0.25;0.25;10;0;0.592055335
15;299.4075077;2.772228357;0;383.1690143;0.781382878;-0.024206578;500;0.25;0.25;10;0;0.598815015
16;279.6337659;0.064158763;0;383.1741954;0.72983186;-0.038404668;500;0.25;0.25;10;0;0.559267532
17;294.3582378;0.32121337;0;383.0004445;0.768546671;-0.088005422;500;0.25;0.25;10;0;0.588716476
18;293.0820691;2.645355582;0;383.1945709;0.764855986;-0.013384455;500;0.25;0.25;10;0;0.586164138
19;306.6033425;1.261824281;0;382.9536593;0.800685771;-0.138669258;500;0.25;0.25;10;0;0.613206685
0;265.7294795;0.176751155;0;383.248183;0.69342008;-0.016566689;500;0.25;0.4;10;0;0.531458959
1;269.8077366;2.482791304;0;383.0813403;0.704261323;0.056909476;500;0.25;0.4;10;0;0.539615473
2;273.3090315;2.013956383;0;382.9903352;0.713610426;0.084099204;500;0.25;0.4;10;0;0.546618063
3;268.0854613;0.123664305;0;383.4766826;0.699109748;-0.056185929;500;0.25;0.4;10;0;0.536170923
4;269.4662807;1.946777014;0;383.290013;0.70296701;0.075101327;500;0.25;0.4;10;0;0.538932561
5;266.2258648;0.68921769;0;383.0832005;0.694898427;-0.064112614;500;0.25;0.4;10;0;0.53245173
6;264.7650321;1.407731655;0;383.1165231;0.691128879;-0.06060434;500;0.25;0.4;10;0;0.529530064
7;270.4217515;0.497218494;0;383.3475451;0.705371469;-0.048834226;500;0.25;0.4;10;0;0.540843503
8;270.3264803;1.582587252;0;383.0578011;0.705652499;0.042445201;500;0.25;0.4;10;0;0.540652961
9;264.2790652;0.066586526;0;383.0730957;0.689864002;0.037706896;500;0.25;0.4;10;0;0.52855813
10;269.7605682;4.020104105;0;382.9980818;0.704286893;-0.000442688;500;0.25;0.4;10;0;0.539521136
11;266.8082684;0.32637908;0;383.081805;0.696516912;0.000765344;500;0.25;0.4;10;0;0.533616537
12;267.6867399;1.108130129;0;383.2677953;0.698479961;-0.028686265;500;0.25;0.4;10;0;0.53537348
13;266.140462;1.85009108;0;383.1132878;0.694661454;0.040869219;500;0.25;0.4;10;0;0.532280924
14;269.4677813;5.058530312;0;383.1030404;0.70341386;-0.099115718;500;0.25;0.4;10;0;0.538935563
15;263.8797562;0.84609529;0;383.0563142;0.688996335;-0.010006578;500;0.25;0.4;10;0;0.527759512
16;269.4813157;2.423356102;0;383.198604;0.703238284;0.018295332;500;0.25;0.4;10;0;0.538962631
17;265.1503327;0.151608841;0;383.1273321;0.692110083;-0.016855422;500;0.25;0.4;10;0;0.530300665
18;259.2973253;0.065111836;0;382.9771079;0.677147027;0.104415545;500;0.25;0.4;10;0;0.518594651
19;269.3203271;0.866151433;0;383.1185854;0.70297442;0.030530742;500;0.25;0.4;10;0;0.538640654
0;364.9779487;3.150062703;0;383.3608977;0.952037212;-0.238968744;500;0.25;0.1;100;0;0.729955897
1;367.2009503;0.091610001;0;383.1305307;0.958410247;0.089839769;500;0.25;0.1;100;0;0.734401901
2;368.519406;0.330168938;0;383.0422112;0.962073409;-0.052940626;500;0.25;0.1;100;0;0.737038812
3;327.1576923;0.755901844;0;383.271904;0.853531442;-0.585607041;500;0.25;0.1;100;0;0.654315385
4;236.6106771;0.2077768;0;383.0081015;0.617740201;-0.476518046;500;0.25;0.1;100;0;0.473221354
5;368.7799453;1.206244869;0;383.0804621;0.962658582;-0.557621887;500;0.25;0.1;100;0;0.737559891
6;317.2543564;1.033676244;0;383.2952781;0.827670209;-0.039913468;500;0.25;0.1;100;0;0.634508713
7;366.6211827;0.577313116;0;382.9129555;0.957430045;0.708023921;500;0.25;0.1;100;0;0.733242365
8;357.9125936;0.484504016;0;382.9224861;0.934668388;0.482559815;500;0.25;0.1;100;0;0.715825187
9;367.3298932;1.671893606;0;383.0153937;0.959021949;-0.031737129;500;0.25;0.1;100;0;0.734659786
10;368.5321395;0.270959425;0;383.3349337;0.961387975;-0.695465356;500;0.25;0.1;100;0;0.737064279
11;371.2922245;0.408424014;0;383.2271424;0.96885345;-0.359700028;500;0.25;0.1;100;0;0.742584449
12;367.6531373;1.607222567;0;383.1178203;0.959624813;0.557681961;500;0.25;0.1;100;0;0.735306275
13;369.4926923;3.50991374;0;383.1465362;0.96435323;0.534332907;500;0.25;0.1;100;0;0.738985385
14;369.1196477;0.887456819;0;383.1974161;0.963251487;-0.25196605;500;0.25;0.1;100;0;0.738239295
15;365.3915261;4.573609845;0;383.3034617;0.953258223;0.404139113;500;0.25;0.1;100;0;0.730783052
16;368.32176;2.110886673;0;383.5634929;0.960246982;-0.343797093;500;0.25;0.1;100;0;0.73664352
17;330.5977711;1.81611191;0;383.1541495;0.862791514;0.368115745;500;0.25;0.1;100;0;0.661195542
18;366.471579;1.072954452;0;383.0964694;0.956586811;0.670657161;500;0.25;0.1;100;0;0.732943158
19;369.8775495;3.021031455;0;382.9898669;0.965751168;-0.449047409;500;0.25;0.1;100;0;0.739755099
0;357.5864138;0.909660809;0;383.1721336;0.933228362;0.281031256;500;0.25;0.25;100;0;0.715172828
1;338.5211396;1.421727678;0;383.1831755;0.883396644;0.224139769;500;0.25;0.25;100;0;0.677042279
2;350.1629166;3.602890248;0;383.1630976;0.913856722;-0.188540626;500;0.25;0.25;100;0;0.700325833
3;339.6110146;2.223743028;0;383.0960243;0.886512907;0.094392959;500;0.25;0.25;100;0;0.679222029
4;322.4810862;2.740616161;0;383.195529;0.841522344;0.133631954;500;0.25;0.25;100;0;0.644962172
5;346.2868621;1.742292027;0;382.9290087;0.90431965;-0.317321887;500;0.25;0.25;100;0;0.692573724
6;334.3164177;1.1922139;0;383.1242813;0.872627751;0.176236532;500;0.25;0.25;100;0;0.668632835
7;344.1856849;4.799368317;0;382.9319706;0.898804887;0.128723921;500;0.25;0.25;100;0;0.68837137
8;345.0941365;1.369956992;0;382.8850116;0.901277015;0.112709815;500;0.25;0.25;100;0;0.690188273
9;347.8699651;0.533839632;0;382.9537834;0.908365295;-0.110887129;500;0.25;0.25;100;0;0.69573993
10;356.6586154;5.352607457;0;383.2624732;0.930594094;-0.445465356;500;0.25;0.25;100;0;0.713317231
11;356.7220853;0.519225836;0;383.1083862;0.931125822;-0.099700028;500;0.25;0.25;100;0;0.713444171
12;347.3270391;2.235676663;0;383.0161544;0.906802768;-0.362318039;500;0.25;0.25;100;0;0.694654078
13;348.1833712;1.033094202;0;383.2526692;0.908489573;-0.145267093;500;0.25;0.25;100;0;0.696366742
14;348.5408772;0.982476551;0;383.3508627;0.90916441;-0.09596605;500;0.25;0.25;100;0;0.697081754
15;352.8402631;3.489723488;0;383.2531139;0.920683802;-0.056310887;500;0.25;0.25;100;0;0.705680526
16;355.7212819;0.696826619;0;383.0282747;0.928694464;-0.033497093;500;0.25;0.25;100;0;0.711442564
17;352.4382109;1.371509777;0;383.2890185;0.919514737;0.147665745;500;0.25;0.25;100;0;0.704876422
18;353.6386895;0.999311807;0;383.3603615;0.92244318;0.175507161;500;0.25;0.25;100;0;0.707277379
19;353.7030895;0.388367287;0;383.202664;0.923013819;0.220802591;500;0.25;0.25;100;0;0.707406179
0;341.7688342;2.23684841;0;382.9703705;0.892458968;0.201031256;500;0.25;0.4;100;0;0.683537668
1;346.400408;0.848098743;0;383.2204078;0.903874594;-0.140560231;500;0.25;0.4;100;0;0.692800816
2;333.1097085;0.641601325;0;383.0460547;0.869555282;0.075859374;500;0.25;0.4;100;0;0.666219417
3;337.7308925;5.880893807;0;383.4944739;0.880603109;-0.225607041;500;0.25;0.4;100;0;0.675461785
4;313.1466034;0.420370319;0;383.0968426;0.817510284;0.142781954;500;0.25;0.4;100;0;0.626293207
5;329.8637501;3.705971179;0;382.9336255;0.861355638;-0.177021887;500;0.25;0.4;100;0;0.6597275
6;346.2199855;1.140890702;0;383.1510931;0.903538227;-0.109613468;500;0.25;0.4;100;0;0.692439971
7;330.3442686;0.690201845;0;383.0155876;0.862512363;-0.051576079;500;0.25;0.4;100;0;0.660688537
8;344.0297613;2.962489073;0;383.0088589;0.89821436;-0.058140185;500;0.25;0.4;100;0;0.688059523
9;342.7152615;1.506241883;0;382.9209857;0.894966315;0.107962871;500;0.25;0.4;100;0;0.685430523
10;339.3694063;1.190299575;0;383.1248537;0.885760603;-0.295465356;500;0.25;0.4;100;0;0.678738813
11;296.9223214;0.461350438;0;383.2946379;0.774576134;0.060299972;500;0.25;0.4;100;0;0.593844643
12;327.3391306;2.572598495;0;383.09299;0.854434587;0.017681961;500;0.25;0.4;100;0;0.654678261
13;277.0667639;0.426035281;0;383.1767091;0.72312211;-0.124867093;500;0.25;0.4;100;0;0.554133528
14;335.9557617;2.568420136;0;383.2455481;0.876601685;0.05803395;500;0.25;0.4;100;0;0.671911523
15;340.7726047;0.23211411;0;383.1752437;0.88934026;-0.016760887;500;0.25;0.4;100;0;0.681545209
16;345.1206202;3.494777141;0;383.211337;0.900582129;-0.024197093;500;0.25;0.4;100;0;0.69024124
17;347.5265545;3.525678658;0;383.181801;0.906968183;-0.271784255;500;0.25;0.4;100;0;0.695053109
18;344.62285;0.521661817;0;383.4653357;0.898643942;-0.219642839;500;0.25;0.4;100;0;0.6892457
19;350.71113;1.444455314;0;383.1450535;0.915306092;0.290652591;500;0.25;0.4;100;0;0.70142226
